dataset_locator_id,study_id,study_slug,included_status,year,journal_published,open_access,study_data_available,public_locator_urls,public_repository_types,public_total_size_raw,public_total_size_bytes_min,public_total_size_bytes_max,public_size_parse_note,data_availability_notes,imaging_modality,modality_code,xy_nm,z_nm,organism_type,cell_type,cell_type_code,abbreviation,min_sample_size,sample_size_certain,sample_size_notes,organelles_common,organelles_specialized,source_file,source_sheet,source_repo_url,source_commit
antao-2023-068,Antao 2023,antao-2023,included,2023,Nature Communications,Yes,Yes,https://doi.org/10.5281/zenodo.10009391; https://www.ebi.ac.uk/empiar/EMPIAR-11683/,Zenodo; EMPIAR,537.9 GB,537900000000,537900000000,,Our SBF-SEM datasets are publicly available in the EMPIAR database: EMPIAR-11683. Live-cell imaging and light microscopy data are available in Zenodo: https://doi.org/10.5281/zenodo.10009391.Source data are provided with this paper.,SBF-SEM,3,2,30-60,Yeast (pathogenic),Encephalitozoon intestinalis,39,Ei,21,N,"21+ E.i. (""A minimum of 7 parasites were segmented completely per condition"" [sporonts, sporoblasts, spores])",Nucleus; ER; Mitochondria; Vacuole/Lysosome,,Additional file 5_figure_data.xlsx,Datasets_Mod_Cell_SS,https://github.com/mmirvis/Cell-Anatomy-Scoping-Review.git,a2218f4e65818f3187f2b3c050690bd16fd21c6e
antao-2023-098,Antao 2023,antao-2023,included,2023,Nature Communications,Yes,Yes,https://doi.org/10.5281/zenodo.10009391; https://www.ebi.ac.uk/empiar/EMPIAR-11683/,Zenodo; EMPIAR,537.9 GB,537900000000,537900000000,,Our SBF-SEM datasets are publicly available in the EMPIAR database: EMPIAR-11683. Live-cell imaging and light microscopy data are available in Zenodo: https://doi.org/10.5281/zenodo.10009391.Source data are provided with this paper.,SBF-SEM,3,2,30-60,NHP,Vero (Cercopithecus aethiops),64,Vero,4,Y,"4 Vero (inc PV, Fig 5)","nucleus, mito, ER",,Additional file 5_figure_data.xlsx,Datasets_Mod_Cell_SS,https://github.com/mmirvis/Cell-Anatomy-Scoping-Review.git,a2218f4e65818f3187f2b3c050690bd16fd21c6e
attias-2022-004,Attias 2022,attias-2022,included,2022,Micron,No,No,,,,,,,"N (""no data was used for the research described in the article""?)",FIB-SEM,1,?,?,Protist (parasitic protozoan),Trypanosoma sp. 858,4,Tr858,1,N,Unclear,Nucleus; Lipid Droplets; Flagella/cilia,,Additional file 5_figure_data.xlsx,Datasets_Mod_Cell_SS,https://github.com/mmirvis/Cell-Anatomy-Scoping-Review.git,a2218f4e65818f3187f2b3c050690bd16fd21c6e
bianco-2023-055,Bianco 2023,bianco-2023,included,2023,Small Methods,Yes,No,,,,,,,Data Availability Statement The data that support the findings of this study are available from the corresponding author upon reasonable request.,Optical tomography (phase contrast),7,0.5 (?),?,Yeast,Saccharomyces cerevisiae,38,Sc,4,Y,,Nucleus; Vacuole/Lysosome,,Additional file 5_figure_data.xlsx,Datasets_Mod_Cell_SS,https://github.com/mmirvis/Cell-Anatomy-Scoping-Review.git,a2218f4e65818f3187f2b3c050690bd16fd21c6e
burrell-2022-014,Burrell 2022,burrell-2022,included,2022,PLoS Pathogens,Yes,No,,,,,,,,SBF-SEM,3,?,100-200,Protist (parasitic protozoan),Eimeria tenella,11,Et,25,Y,,Nucleus; Mitochondria,,Additional file 5_figure_data.xlsx,Datasets_Mod_Cell_SS,https://github.com/mmirvis/Cell-Anatomy-Scoping-Review.git,a2218f4e65818f3187f2b3c050690bd16fd21c6e
carlson-2013-056,Carlson 2013,carlson-2013,included,2013,Microscopy and Microanalysis,No,No,,,,,,,,SXT,2,50,50,Yeast,Saccharomyces cerevisiae,38,Sc,1,Y,A yeast cell,Nucleus; Mitochondria; Vacuole/Lysosome,,Additional file 5_figure_data.xlsx,Datasets_Mod_Cell_SS,https://github.com/mmirvis/Cell-Anatomy-Scoping-Review.git,a2218f4e65818f3187f2b3c050690bd16fd21c6e
chen-2022-107,Chen 2022,chen-2022,included,2022,Viruses,Yes,No,,,,,,,The data supporting this studyâ€™s findings are available from the corresponding author upon request.,SXT,2,60,60,Human (differentiated),B lymphocyte,71,humB,1,Y,true whole-cell reconstruction,Nucleus; Mitochondria; Lipid Droplets,,Additional file 5_figure_data.xlsx,Datasets_Mod_Cell_SS,https://github.com/mmirvis/Cell-Anatomy-Scoping-Review.git,a2218f4e65818f3187f2b3c050690bd16fd21c6e
cho-2023-118,Cho 2023,cho-2023,included,2023,Analytical Chemistry,No,No,,,,,,,,Optical tomography (diffraction),7,110,365,Human (cancer),HeLa,80,HeLa,2,Y,"(nucleus + autophagosome, Fig 5C, originally thought we'd include Fig 7 but cells appear to be cut off)",Nucleus; Autophagosome,,Additional file 5_figure_data.xlsx,Datasets_Mod_Cell_SS,https://github.com/mmirvis/Cell-Anatomy-Scoping-Review.git,a2218f4e65818f3187f2b3c050690bd16fd21c6e
conesa-2020-016,Conesa 2020,conesa-2020,included,2020,mSphere,Yes,No,,,,,,,,SXT,2,50,50,Protist (parasitic protozoan),Babesia divergens,13,Bd,40,N,"at least 40 parasites in 19 RBCs, counted from Fig 4, couldn’t find SS stated in text;",Mitochondria,,Additional file 5_figure_data.xlsx,Datasets_Mod_Cell_SS,https://github.com/mmirvis/Cell-Anatomy-Scoping-Review.git,a2218f4e65818f3187f2b3c050690bd16fd21c6e
cooper-2017-010,Cooper 2017,cooper-2017,included,2017,Parasites & Vectors,Yes,No,,,,,,,"Availability of data and material The datasets used and/or analysed during the current study are available from the corresponding author on reasonable request, where not included in the published article or additional files.",FIB-SEM,1,?,25,Protist (parasitic protozoan),Trypanosoma (currawong),7,TrCur,2,Y,"2 full reconstructions; quants from 25 cells, only kinetoplasts segmented",Mitochondria; endosome,reservosome (late endosome),Additional file 5_figure_data.xlsx,Datasets_Mod_Cell_SS,https://github.com/mmirvis/Cell-Anatomy-Scoping-Review.git,a2218f4e65818f3187f2b3c050690bd16fd21c6e
cui-2019-051,Cui 2019,cui-2019,included,2019,Nature Plants,No,No,,,,,,,Data availability The data that support the findings of this study are available from the corresponding authors upon request.,ET (cryo),5,4.3,300,Plant,"Arabidopsis thaliana, cortical root",36,At-cr,1,Y,1 whole cell w multiple organelles; 3 whole-cell vacuole only,Nucleus; ER; Mitochondria; Vacuole/Lysosome; Chloroplast/Plastid; Golgi; MVB,,Additional file 5_figure_data.xlsx,Datasets_Mod_Cell_SS,https://github.com/mmirvis/Cell-Anatomy-Scoping-Review.git,a2218f4e65818f3187f2b3c050690bd16fd21c6e
dang-2023-069,Dang 2023,dang-2023,included,2023,ACS Nano,No,No,,,,,,,,SXT,2,30,30,Yeast (pathogenic),Candida utilis,40,Cu,40,N,,Nucleus; Mitochondria; Vacuole/Lysosome; Lipid Droplets,,Additional file 5_figure_data.xlsx,Datasets_Mod_Cell_SS,https://github.com/mmirvis/Cell-Anatomy-Scoping-Review.git,a2218f4e65818f3187f2b3c050690bd16fd21c6e
decelle-2019-028,Decelle 2019,decelle-2019,included,2019,Current Biology,Yes,No,,,,,,,,FIB-SEM,1,8,8,Protist (phytoplankton/algae),Phaeocystis cordata,19,Pcor,18,Y,"8 symbiotic, 10 free-living; 2 representative cells shown",Nucleus; Chloroplast/Plastid,,Additional file 5_figure_data.xlsx,Datasets_Mod_Cell_SS,https://github.com/mmirvis/Cell-Anatomy-Scoping-Review.git,a2218f4e65818f3187f2b3c050690bd16fd21c6e
decelle-2021-003,Decelle 2021,decelle-2021,included,2021,Environmental Microbiology,Yes,No,,,,,,,,FIB-SEM,1,8,8,Protist (dinoflagellate),Brandtodinium nutricula,3,Bn,7,Y,"3 free-living, 4 symbiotic",Nucleus; Mitochondria; Vacuole/Lysosome; Chloroplast/Plastid,,Additional file 5_figure_data.xlsx,Datasets_Mod_Cell_SS,https://github.com/mmirvis/Cell-Anatomy-Scoping-Review.git,a2218f4e65818f3187f2b3c050690bd16fd21c6e
deng-2018-040,Deng 2018,deng-2018,included,2018,Science Advances,Yes,No,,,,,,,,HXT (ptychography w/ fluorescence),8,45-125,55-140,Protist (green algae),Chlamydomonas reinhartdii,30,Cr,1,Y,,chloroplast/plastid,,Additional file 5_figure_data.xlsx,Datasets_Mod_Cell_SS,https://github.com/mmirvis/Cell-Anatomy-Scoping-Review.git,a2218f4e65818f3187f2b3c050690bd16fd21c6e
deshmukh-2024-092,Deshmukh 2024,deshmukh-2024,included,2024,Cells,Yes,No,,,,,,,Reconstructed data are available from the corresponding contacts upon request. The original code is available at the GitHub repository: https://github.com/kvn42999 /Subcellular-Feature-Based-Classification-Alpha-Beta-Cells.git (accessed on 9 April 2024.,SXT,2,30-46.5,30-46.5,Rodent,"M. musculus, alpha cell",60,MsAlpha,8,Y,"8 alpha, 7 beta",Nucleus; Mitochondria; Vesicles,,Additional file 5_figure_data.xlsx,Datasets_Mod_Cell_SS,https://github.com/mmirvis/Cell-Anatomy-Scoping-Review.git,a2218f4e65818f3187f2b3c050690bd16fd21c6e
deshmukh-2024-093,Deshmukh 2024,deshmukh-2024,included,2024,Cells,Yes,No,,,,,,,Reconstructed data are available from the corresponding contacts upon request. The original code is available at the GitHub repository: https://github.com/kvn42999 /Subcellular-Feature-Based-Classification-Alpha-Beta-Cells.git (accessed on 9 April 2024.,SXT,2,30-46.5,30-46.5,Rodent,"M. musculus, beta cell",61,MsBeta,7,Y,,Nucleus; Mitochondria; Vesicles,,Additional file 5_figure_data.xlsx,Datasets_Mod_Cell_SS,https://github.com/mmirvis/Cell-Anatomy-Scoping-Review.git,a2218f4e65818f3187f2b3c050690bd16fd21c6e
diaz-2015-041,Diaz 2015,diaz-2015,included,2015,Journal of Structural Biology,Yes,No,,,,,,,,HXT (ptychography),8,180,180,Protist (green algae),Chlamydomonas reinhartdii,30,Cr,3,Y,"not stated; 3 individual cells shown in Fig 4bce, but could count ~10 total between 4a/d, although we can't tell how many are whole",Nucleus; Vacuole/Lysosome; Lipid Droplets,,Additional file 5_figure_data.xlsx,Datasets_Mod_Cell_SS,https://github.com/mmirvis/Cell-Anatomy-Scoping-Review.git,a2218f4e65818f3187f2b3c050690bd16fd21c6e
egebjerg-2024-057,Egebjerg 2024,egebjerg-2024,included,2024,Autophagy,Yes,Yes,,,,,,,"The code for the classification CNN and for the segmentation pipeline is available at https://github.com/Wuestner-Lab/DYFNet and https:// github.com/Wuestner-Lab/LipoSeg, respectively. Selected examples of 3D reconstructions from X-ray tomograms and all fluorescence images of the trainings set are availability at https://zenodo.org/record/ 8070003 with this link additionally provided at the DYFNet GitHub page.",SXT,2,9.8-30,9.8-30,Yeast,Saccharomyces cerevisiae,38,Sc,72,Y,"28 (14 WT, 6 Ncr1, 8 Npc2) - mentioned in M&M - this seems to be for analysis. In results pg 12 - n=72 (WT 24, ncr1 30, npc2 18) - this seems to be total 3D renderings, of which the above n=28 is a subset.",Vacuole/Lysosome; Lipid Droplets,,Additional file 5_figure_data.xlsx,Datasets_Mod_Cell_SS,https://github.com/mmirvis/Cell-Anatomy-Scoping-Review.git,a2218f4e65818f3187f2b3c050690bd16fd21c6e
ezzedine-2023-035,Ezzedine 2023,ezzedine-2023,included,2023,Nature Communications,Yes,Yes,https://www.ebi.ac.uk/empiar/EMPIAR-11694/,EMPIAR,104.7 GB,104700000000,104700000000,,"Electron microscopy images can be accessed Electron Microscopy Public Image Archive with the following reference, EMPIAR-11694. Computation and metric geometry for 3D reconstructions were realized using Dragonfly with scripts provided at gitlab.com/clariaddy/ stl_statistics and gitlab.com/clariaddy/mindist for the cryo-fixed cells. Source data are provided with this paper.",FIB-SEM,1,8-10,8-10,Protist (snow alga/plant),Sanguina nivaloides,25,Sn,2,Y,"1 chemically fixed, 1 cryo-fixed",Nucleus; Mitochondria; Lipid Droplets; Chloroplast/Plastid,,Additional file 5_figure_data.xlsx,Datasets_Mod_Cell_SS,https://github.com/mmirvis/Cell-Anatomy-Scoping-Review.git,a2218f4e65818f3187f2b3c050690bd16fd21c6e
feng-2016-074,Feng 2016,feng-2016,included,2016,Journal of Morphology,No,No,,,,,,,,SBF-SEM,3,8.7,50,Invertebrate,Penaeus monodon,44,Pm,9,Y,Randomly selected spermatozoa,Nucleus; Mitochondria,,Additional file 5_figure_data.xlsx,Datasets_Mod_Cell_SS,https://github.com/mmirvis/Cell-Anatomy-Scoping-Review.git,a2218f4e65818f3187f2b3c050690bd16fd21c6e
feng-2023-038,Feng 2023,feng-2023,included,2023,Protoplasma,No,No,,,,,,,,FIB-SEM,1,2.44,8,Protist (green alga),Chlorella pyrenoidosa,28,Cp,9,N,"3+ per growth stage; 20 imaged, 15 segmented, but 3 per stage chosen for reconstruction",Nucleus; ER; Mitochondria; Vacuole/Lysosome; Lipid Droplets; Chloroplast/Plastid,,Additional file 5_figure_data.xlsx,Datasets_Mod_Cell_SS,https://github.com/mmirvis/Cell-Anatomy-Scoping-Review.git,a2218f4e65818f3187f2b3c050690bd16fd21c6e
ferreira-2008-005,Ferreira 2008,ferreira-2008,included,2008,Annals of the Brazilian Academy of Sciences,Yes,No,,,,,,,,ssTEM,4,?,?,Protist (parasitic protozoan),Trypanosoma cruzi,5,Tc,1,Y,,Nucleus; Flagella/cilia,,Additional file 5_figure_data.xlsx,Datasets_Mod_Cell_SS,https://github.com/mmirvis/Cell-Anatomy-Scoping-Review.git,a2218f4e65818f3187f2b3c050690bd16fd21c6e
fogelqvist-2017-116,Fogelqvist 2017,fogelqvist-2017,included,2017,Scientific Reports,Yes,No,,,,,,,,SXT,2,100,100,Human (cancer),HEK293T,79,HEK,2,Y,,Nucleus; Vacuole/Lysosome; Vesicles,,Additional file 5_figure_data.xlsx,Datasets_Mod_Cell_SS,https://github.com/mmirvis/Cell-Anatomy-Scoping-Review.git,a2218f4e65818f3187f2b3c050690bd16fd21c6e
girard-dias-2012-006,Girard-Dias 2012,girard-dias-2012,included,2012,Histochemistry and Cell Biology,No,No,,,,,,,,ET (cryo),5,?,70 or 200,Protist (parasitic protozoan),Trypanosoma cruzi,5,Tc,1,Y,"(M&M mentions ""35 tomograms (appox. 25 from epimastigotes and 10 from amastigotes and epimastigotes)""",Nucleus; Vacuole/Lysosome; Flagella/cilia,,Additional file 5_figure_data.xlsx,Datasets_Mod_Cell_SS,https://github.com/mmirvis/Cell-Anatomy-Scoping-Review.git,a2218f4e65818f3187f2b3c050690bd16fd21c6e
gluenz-2015-008,Gluenz 2015,gluenz-2015,included,2015,Methods in Cell Biology,Yes,No,,,,,,,,SBF-SEM,3,6-6.2,100,Protist (parasitic protozoan),Trypanosoma brucei,6,Tb,1,Y,Fig 9. original data,Nucleus; Mitochondria; Vesicles; Flagella/cilia,,Additional file 5_figure_data.xlsx,Datasets_Mod_Cell_SS,https://github.com/mmirvis/Cell-Anatomy-Scoping-Review.git,a2218f4e65818f3187f2b3c050690bd16fd21c6e
hair-2024-013,Hair 2024,hair-2024,included,2024,PLOS Pathogens,Yes,Yes,https://zenodo.org/records/10652021; https://www.ebi.ac.uk/empiar/EMPIAR-11826/,Zenodo; EMPIAR,131.9 GB; 17.3 GB,149200000000,149200000000,,The SBF-SEM dataset generated and analysed for this study have been deposited and is available in the EMPIAR repository database [54]under the EMPIAR ID:11826 -https://www.ebi.ac.uk/empiar/EMPIAR-11826/. The electron tomography dataset generated and analysed for this study has been deposited and is available in the Zenodo repository - https://zenodo . org/records/10652021.,SBF-SEM,3,5,75-100,Protist (parasitic protozoan),Leishmania mexicana,10,Lm,51,Y,"41 in vitro, 10 sand fly-derived",Nucleus; ER; Mitochondria; Vacuole/Lysosome; Lipid Droplets; Golgi; Flagella/cilia,,Additional file 5_figure_data.xlsx,Datasets_Mod_Cell_SS,https://github.com/mmirvis/Cell-Anatomy-Scoping-Review.git,a2218f4e65818f3187f2b3c050690bd16fd21c6e
hanssen-2010-019,Hanssen 2010,hanssen-2010,included,2010,Methods in Cell Biology,No,No,,,,,,,,ET (cryo),5,0.93-2.33,300,Protist (parasitic protozoan),Plasmodium falciparum,15,Pf,1,Y,,Nucleus; Mitochondria; Vacuole/Lysosome,,Additional file 5_figure_data.xlsx,Datasets_Mod_Cell_SS,https://github.com/mmirvis/Cell-Anatomy-Scoping-Review.git,a2218f4e65818f3187f2b3c050690bd16fd21c6e
hanssen-2013-020,Hanssen 2013,hanssen-2013,included,2013,Cellular Microbiology,No,No,,,,,,,,SXT,2,?,?,Protist (parasitic protozoan),Plasmodium falciparum,15,Pf,32,N,32,Nucleus;,rhoptry,Additional file 5_figure_data.xlsx,Datasets_Mod_Cell_SS,https://github.com/mmirvis/Cell-Anatomy-Scoping-Review.git,a2218f4e65818f3187f2b3c050690bd16fd21c6e
hanssen-2013-021,Hanssen 2013,hanssen-2013,included,2013,Cellular Microbiology,No,No,,,,,,,,ET (chemical),5,120-140,120-140,Protist (parasitic protozoan),Plasmodium falciparum,15,Pf,17,N,17,"Nucleus, mitochondria","rhoptry, cystosomal ring, apicoplast, polar rings",Additional file 5_figure_data.xlsx,Datasets_Mod_Cell_SS,https://github.com/mmirvis/Cell-Anatomy-Scoping-Review.git,a2218f4e65818f3187f2b3c050690bd16fd21c6e
henderson-2007-025,Henderson 2007,henderson-2007,included,2007,PLoS One,Yes,No,,,,,,,,ET (cryo),5,1.2,1.2,Protist (picoplankton),Ostreococcus tauri,16,Ot,10,Y,10 (6 best cells used for quantitation) (52 imaged total); 23 dark-to-light transition; 29 light-to-dark transition;,Nucleus; ER; Mitochondria; Chloroplast/Plastid; Peroxisome; Golgi,,Additional file 5_figure_data.xlsx,Datasets_Mod_Cell_SS,https://github.com/mmirvis/Cell-Anatomy-Scoping-Review.git,a2218f4e65818f3187f2b3c050690bd16fd21c6e
heymann-2009-110,Heymann 2009,heymann-2009,included,2009,Journal of Structural Biology,Yes,No,,,,,,,,FIB-SEM (IA-SEM),1,12,30,Human (cancer),MNT-1 (melanoma),73,MNT1,1,Y,,Nucleus; ER; Mitochondria,,Additional file 5_figure_data.xlsx,Datasets_Mod_Cell_SS,https://github.com/mmirvis/Cell-Anatomy-Scoping-Review.git,a2218f4e65818f3187f2b3c050690bd16fd21c6e
hoffman-2020-099,Hoffman 2020,hoffman-2020,included,2020,Science,Yes,No,,,,,,,Data and materials availability: All data needed to evaluate the conclusions of this paper are present here or the supplementary materials. The total size of the raw data used here exceeds tens of terabytes. All data used in this paper is freely available upon reasonable request to those who provide a mechanism for facile data transfer,FIB-SEM,1,8,8,NHP,COS-7 (Cercopithecus aethiops),65,COS7,2,Y,,Nucleus; ER; Mitochondria,,Additional file 5_figure_data.xlsx,Datasets_Mod_Cell_SS,https://github.com/mmirvis/Cell-Anatomy-Scoping-Review.git,a2218f4e65818f3187f2b3c050690bd16fd21c6e
hohmann-marriott-2009-022,Hohmann-Marriott 2009,hohmann-marriott-2009,included,2009,Nature Methods,Yes,No,,,,,,,,STEM,9,1-2.8,20,Protist (parasitic protozoan),Plasmodium falciparum,15,Pf-iHe,1,Y,,Nucleus; Vacuole/Lysosome; Lipid Droplets; Golgi,,Additional file 5_figure_data.xlsx,Datasets_Mod_Cell_SS,https://github.com/mmirvis/Cell-Anatomy-Scoping-Review.git,a2218f4e65818f3187f2b3c050690bd16fd21c6e
hughes-2017-009,Hughes 2017,hughes-2017,included,2017,Journal of Cell Science,Yes,No,,,,,,,,SBF-SEM,3,6-6.2,100,Protist (parasitic protozoan),Trypanosoma brucei,6,Tb,79,Y,(different n's for each quant),Nucleus; Mitochondria; Golgi; Flagella/cilia; Centrosome/Basal Body,,Additional file 5_figure_data.xlsx,Datasets_Mod_Cell_SS,https://github.com/mmirvis/Cell-Anatomy-Scoping-Review.git,a2218f4e65818f3187f2b3c050690bd16fd21c6e
hummel-2012-042,Hummel 2012,hummel-2012,included,2012,PLoS One,Yes,No,,,,,,,,SXT,2,30-50,30-50,Protist (green algae),Chlamydomonas reinhartdii,30,Cr,14,Y,(6 wt; 8 mutant),Nucleus; Mitochondria; Vacuole/Lysosome; Lipid Droplets; Chloroplast/Plastid; Flagella/cilia,,Additional file 5_figure_data.xlsx,Datasets_Mod_Cell_SS,https://github.com/mmirvis/Cell-Anatomy-Scoping-Review.git,a2218f4e65818f3187f2b3c050690bd16fd21c6e
jadav-2023-111,Jadav 2023,jadav-2023,included,2023,Journal of Structural Biology,Yes,No,,,,,,,"""No data was used for the research described in the article."" ??",SBF-SEM,3,9,27,Human (cancer),H446 (lung cancer),74,H446,6,N,"counting only 2-organelles (see Supp Table 1, total = 65), 1 monolayer + 5 mito/vesicles analysed (although we can't tell how many cells have which organelle combo; â€œVolumetric analyses of mitochondria for 30 intact cells in one whole tumorsphereâ€ mentioned in M&M section 2.5",Nucleus; Mitochondria; Vesicles,,Additional file 5_figure_data.xlsx,Datasets_Mod_Cell_SS,https://github.com/mmirvis/Cell-Anatomy-Scoping-Review.git,a2218f4e65818f3187f2b3c050690bd16fd21c6e
jiang-2010-052,Jiang 2010,jiang-2010,included,2010,PNAS,Yes,No,,,,,,,,X-ray diffraction,10,50-60,50-60,Yeast,Schizosaccharomyces pombe,37,Sp,1,Y,,Nucleus; ER; Mitochondria; Vacuole/Lysosome,,Additional file 5_figure_data.xlsx,Datasets_Mod_Cell_SS,https://github.com/mmirvis/Cell-Anatomy-Scoping-Review.git,a2218f4e65818f3187f2b3c050690bd16fd21c6e
johkura-2022-090,Johkura 2022,johkura-2022,included,2022,Microscopy,Yes,No,,,,,,,,SBF-SEM,3,10,70,Rodent,"R. norvegicus, hepatocyte",58,RtHep,8,Y,"4 single-nuc, 4 binuc",Nucleus; Golgi,,Additional file 5_figure_data.xlsx,Datasets_Mod_Cell_SS,https://github.com/mmirvis/Cell-Anatomy-Scoping-Review.git,a2218f4e65818f3187f2b3c050690bd16fd21c6e
kelbauskas-2017-096,Kelbauskas 2017,kelbauskas-2017,included,2017,Science Advances,Yes,No,,,,,,,"""Data and materials availability: All data needed to evaluate the conclusions in the paper are present in the paper and/or the Supplementary Materials. Additional data related to this paper may be requested from the authors.""",Optical tomography (LCCT),7,291-331,232-300,Rodent,J774A.1 (M. musculus),62,K562,1,Y,,Nucleus; Mitochondria,,Additional file 5_figure_data.xlsx,Datasets_Mod_Cell_SS,https://github.com/mmirvis/Cell-Anatomy-Scoping-Review.git,a2218f4e65818f3187f2b3c050690bd16fd21c6e
kelbauskas-2017-115,Kelbauskas 2017,kelbauskas-2017,included,2017,Science Advances,Yes,No,,,,,,,"""Data and materials availability: All data needed to evaluate the conclusions in the paper are present in the paper and/or the Supplementary Materials. Additional data related to this paper may be requested from the authors.""",Optical tomography (LCCT),7,291-331,232-300,Human (cancer),K562 (leukemia),78,J774A1,1,Y,,Nucleus; Mitochondria,,Additional file 5_figure_data.xlsx,Datasets_Mod_Cell_SS,https://github.com/mmirvis/Cell-Anatomy-Scoping-Review.git,a2218f4e65818f3187f2b3c050690bd16fd21c6e
kichuk-2024-058,Kichuk 2024,kichuk-2024,included,2024,Cell Reports Methods,Yes,No,,,,,,,(1) Microscopy and any additional data reported in this paper will be shared by the lead contact upon request. (2) All original code has been deposited on Figshare and Github and is publicly available as of the date of publication. DOIs are listed in the key resources table. (3) Any additional information required to re-analyze the data reported in this paper is available from the lead contact upon request.,Fluorescence,6,131-151,347-399,Yeast,Saccharomyces cerevisiae,38,Sc,90,Y,"yeast - 90 (30 cells per metabolic state) (12 MRC-5 cells counted from Fig 6B-D, but EXCLUDED due to lack of cell boundary)","nucleus, ER; Mitochondria",,Additional file 5_figure_data.xlsx,Datasets_Mod_Cell_SS,https://github.com/mmirvis/Cell-Anatomy-Scoping-Review.git,a2218f4e65818f3187f2b3c050690bd16fd21c6e
koutsogiannis-2023-017,Koutsogiannis 2023,koutsogiannis-2023,included,2023,Frontiers in Cellular and Infection Microbiology,Yes,No,,,,,,,The original contributions presented in the study are included in the article/Supplementary Material. Further inquiries can be directed to the corresponding author.,Optical tomography (diffraction),7,?,?,Protist (parasitic protozoan),Toxoplasma gondii,14,Tg,3,Y,"1 WT, 2 cerS1 mutant",Nucleus,,Additional file 5_figure_data.xlsx,Datasets_Mod_Cell_SS,https://github.com/mmirvis/Cell-Anatomy-Scoping-Review.git,a2218f4e65818f3187f2b3c050690bd16fd21c6e
larabell-2004-059,Larabell 2004,larabell-2004,included,2004,MBoC,Yes,No,,,,,,,,SXT,2,60,60,Yeast,Saccharomyces cerevisiae,38,Sc,3,Y,,"vacuole, lipid droplet, nucleus",,Additional file 5_figure_data.xlsx,Datasets_Mod_Cell_SS,https://github.com/mmirvis/Cell-Anatomy-Scoping-Review.git,a2218f4e65818f3187f2b3c050690bd16fd21c6e
laundon-2019-073,Laundon 2019,laundon-2019,included,2019,PLOS Biology,Yes,Yes,https://doi.org/10.6084/m9.figshare.7346750.v2,figshare,3.02 GB,3020000000,3020000000,,"(""All relevant data are within the paper and its Supporting Information files. All TrakEM2 project files and electron microscopy files are available from figshare (doi. org/10.6084/m9.figshare.7346750.v2)."")",ssTEM,4,?,70-150,Invertebrate,"Oscarella carmela, choanocytes",43,Oc,5,Y,,Nucleus; ER; Mitochondria; Vacuole/Lysosome; Golgi; Flagella/cilia; Centrosome/Basal Body,,Additional file 5_figure_data.xlsx,Datasets_Mod_Cell_SS,https://github.com/mmirvis/Cell-Anatomy-Scoping-Review.git,a2218f4e65818f3187f2b3c050690bd16fd21c6e
laundon-2019-072,Laundon 2019,laundon-2019,included,2019,PLOS Biology,Yes,Yes,https://doi.org/10.6084/m9.figshare.7346750.v2,figshare,3.02 GB,3020000000,3020000000,,"(""All relevant data are within the paper and its Supporting Information files. All TrakEM2 project files and electron microscopy files are available from figshare (doi. org/10.6084/m9.figshare.7346750.v2)."")",ssTEM,4,?,70-150,Protist (choanoflagellate),Salpingoeca rosetta,42,Sr,6,Y,"3 colonial, 3 single",Nucleus; ER; Mitochondria; Vacuole/Lysosome; Golgi; Flagella/cilia; Centrosome/Basal Body; Vesicles,,Additional file 5_figure_data.xlsx,Datasets_Mod_Cell_SS,https://github.com/mmirvis/Cell-Anatomy-Scoping-Review.git,a2218f4e65818f3187f2b3c050690bd16fd21c6e
li-2022-087,Li 2022,li-2022,included,2022,PLoS One.,Yes,No,,,,,,,,SXT,2,60,60,Rodent,INS-1E (R. norvegicus),57,RtBeta,132,Y,40 tomograms from SXT extended to 132. unsure if those original 40 are included in the 132. 3 for analysis,Nucleus; Mitochondria; Vesicles,,Additional file 5_figure_data.xlsx,Datasets_Mod_Cell_SS,https://github.com/mmirvis/Cell-Anatomy-Scoping-Review.git,a2218f4e65818f3187f2b3c050690bd16fd21c6e
liu-2018-070,Liu 2018,liu-2018,included,2018,Journal of Microscopy,No,No,,,,,,,,SXT,2,30,30,Yeast (pathogenic),Candida utilis,40,Cu,2,Y,1 G1 and 1 budding,Nucleus; Mitochondria; Vacuole/Lysosome; Lipid Droplets,,Additional file 5_figure_data.xlsx,Datasets_Mod_Cell_SS,https://github.com/mmirvis/Cell-Anatomy-Scoping-Review.git,a2218f4e65818f3187f2b3c050690bd16fd21c6e
liu-2018-079,Liu 2018,liu-2018,included,2018,Journal of Microscopy,No,No,,,,,,,,Fluorescence (AO-LLSM),6,97,200,Fish,"Danio rerio, lens cell",49,ZbL,1,Y,,Nucleus; ER; Mitochondria; Golgi,,Additional file 5_figure_data.xlsx,Datasets_Mod_Cell_SS,https://github.com/mmirvis/Cell-Anatomy-Scoping-Review.git,a2218f4e65818f3187f2b3c050690bd16fd21c6e
liu-2018-078,Liu 2018,liu-2018,included,2018,Journal of Microscopy,No,No,,,,,,,,Fluorescence (AO-LLSM),6,97,200,Fish,"Danio rerio, neural progenitor cell",48,ZbNP,1,Y,1 of each cell type (see below); 3 time points for zebrafish neural progenitor,Nucleus; ER; Mitochondria; Golgi,,Additional file 5_figure_data.xlsx,Datasets_Mod_Cell_SS,https://github.com/mmirvis/Cell-Anatomy-Scoping-Review.git,a2218f4e65818f3187f2b3c050690bd16fd21c6e
liu-2018-083,Liu 2018,liu-2018,included,2018,Journal of Microscopy,No,No,,,,,,,,Fluorescence (AO-LLSM),6,97,200,Fish,"Danio rerio, retinal neuroepithelial cell",53,ZbRN,3,Y,,Nucleus; ER; Mitochondria; Golgi,,Additional file 5_figure_data.xlsx,Datasets_Mod_Cell_SS,https://github.com/mmirvis/Cell-Anatomy-Scoping-Review.git,a2218f4e65818f3187f2b3c050690bd16fd21c6e
liu-2018-080,Liu 2018,liu-2018,included,2018,Journal of Microscopy,No,No,,,,,,,,Fluorescence (AO-LLSM),6,97,200,Fish,"Danio rerio, skin cell",50,ZbS,1,Y,,Nucleus; ER; Mitochondria; Golgi,,Additional file 5_figure_data.xlsx,Datasets_Mod_Cell_SS,https://github.com/mmirvis/Cell-Anatomy-Scoping-Review.git,a2218f4e65818f3187f2b3c050690bd16fd21c6e
loconte-2021-108,Loconte 2021,loconte-2021,included,2021,Cell Reports Methods,Yes,No,,,,,,,Data and code availability: This paper does not report original code. Any additional information required to reanalyze the data reported in this paper is available from the lead contact upon request,SXT,2,50,50,Human (differentiated),GM12878 (B lymphocyte),71,humB,17,Y,"17 B cells (7 native, 10 fixed); 3ea uninfected HEK293T-ACE2; Calu-3, A549-ACE2 + 3 infected (24hpi) + addlt at 6hpi (17 total infected cells means 14 @ 6hpi across 3 cell lines)",ER; Mitochondria; Lipid Droplets; Vesicles,,Additional file 5_figure_data.xlsx,Datasets_Mod_Cell_SS,https://github.com/mmirvis/Cell-Anatomy-Scoping-Review.git,a2218f4e65818f3187f2b3c050690bd16fd21c6e
loconte-2021-117,Loconte 2021,loconte-2021,included,2021,Cell Reports Methods,Yes,No,,,,,,,Data and code availability: This paper does not report original code. Any additional information required to reanalyze the data reported in this paper is available from the lead contact upon request,SXT,2,50,50,Human (cancerous),HEK293T,79,HEK,3,N,,ER; Mitochondria; Lipid Droplets; Vesicles,,Additional file 5_figure_data.xlsx,Datasets_Mod_Cell_SS,https://github.com/mmirvis/Cell-Anatomy-Scoping-Review.git,a2218f4e65818f3187f2b3c050690bd16fd21c6e
loconte-2022-088,Loconte 2022,loconte-2022,included,2022,Structure,Yes,No,,,,,,,Data and code availability All original code and reconstructed data are available from the corresponding contacts upon request. Any additional information required to reanalyze the data reported in this paper is available from the corresponding contacts upon request,SXT,2,60,60,Rodent,INS-1E (R. norvegicus),57,RtBeta,56,Y,,Nucleus; Mitochondria; Vesicles,,Additional file 5_figure_data.xlsx,Datasets_Mod_Cell_SS,https://github.com/mmirvis/Cell-Anatomy-Scoping-Review.git,a2218f4e65818f3187f2b3c050690bd16fd21c6e
matharu-2023-105,Matharu 2023,matharu-2023,included,2023,Platelets,Yes,No,,,,,,,,FIB-SEM,1,7,15,Human,platelet,70,HuPlt,64,Y,"63 including mito (606 total cell+AGl, 300 Ctrl, 306 COVID)",mitochondria,,Additional file 5_figure_data.xlsx,Datasets_Mod_Cell_SS,https://github.com/mmirvis/Cell-Anatomy-Scoping-Review.git,a2218f4e65818f3187f2b3c050690bd16fd21c6e
mcquate-2023-081,McQuate 2023,mcquate-2023,included,2023,eLife,Yes,Yes,https://elifesciences.org/articles/80468#data; http://demo.webknossos.org/,elifesciences.org; webKnossos,"25-200 MB each, need to check; some BBs are too large to download?",400000000,3200000000,range multiplied by reported file count (16),"The SBFSEM data volumes for the sixteen different NMs used in this manuscript, including WT and mutants, are publicly available at webKnossos (http://demo.webknossos.org/), searchable by the dataset name indicated in the relevant source data. [information for 16 datasets included]",SBF-SEM,3,5,40-50,Fish,"Danio rerio, hair cells",51,ZbHC,134,Y,"12 3dpf (12 w kinocilia, 10 w stereocilia), 65 5-6dpf HC (inc cilia); 19 cdh23 cells; 45 cav1.3a cells - only counted the ones for which multiple organelles are segmented/analyzed (cilia), according to figure legends","Mitochondria, flagella/cilia",,Additional file 5_figure_data.xlsx,Datasets_Mod_Cell_SS,https://github.com/mmirvis/Cell-Anatomy-Scoping-Review.git,a2218f4e65818f3187f2b3c050690bd16fd21c6e
mcquate-2023-082,McQuate 2023,mcquate-2023,included,2023,eLife,Yes,Yes,https://elifesciences.org/articles/80468#data; http://demo.webknossos.org/,elifesciences.org; webKnossos,"25-200 MB each, need to check; some BBs are too large to download?",400000000,3200000000,range multiplied by reported file count (16),"The SBFSEM data volumes for the sixteen different NMs used in this manuscript, including WT and mutants, are publicly available at webKnossos (http://demo.webknossos.org/), searchable by the dataset name indicated in the relevant source data. [information for 16 datasets included]",SBF-SEM,3,5,40-50,Fish,"Danio rerio, supporting cells",52,ZbSC,12,Y,,"Mitochondria, flagella/cilia",,Additional file 5_figure_data.xlsx,Datasets_Mod_Cell_SS,https://github.com/mmirvis/Cell-Anatomy-Scoping-Review.git,a2218f4e65818f3187f2b3c050690bd16fd21c6e
medeiros-2012-011,Medeiros 2012,medeiros-2012,included,2012,PLoS One,Yes,No,,,,,,,,FIB-SEM,1,3.5-6.07,3.5-6.07,Protist (parasitic protozoan),Plasmodium chaubadi,8,Pc-iMe,10,Y,10 quantified (Table 1); 1 or 2 whole cell images,Nucleus; Vacuole/Lysosome,,Additional file 5_figure_data.xlsx,Datasets_Mod_Cell_SS,https://github.com/mmirvis/Cell-Anatomy-Scoping-Review.git,a2218f4e65818f3187f2b3c050690bd16fd21c6e
midorikawa-2022-049,Midorikawa 2022,midorikawa-2022,included,2022,PNAS Nexus,Yes,Yes,,,,,,,"""All data needed to evaluate the conclusions in the paper are present in the paper and/or the Supplementary Materials.""",FESEM,11,10,100,Plant,"Arabidopsis thaliana, mesophyll",34,At-m,6,Y,"3L, 3D",Nucleus; Mitochondria; Vacuole/Lysosome; Chloroplast/Plastid; Peroxisome,,Additional file 5_figure_data.xlsx,Datasets_Mod_Cell_SS,https://github.com/mmirvis/Cell-Anatomy-Scoping-Review.git,a2218f4e65818f3187f2b3c050690bd16fd21c6e
mirasole-2023-050,Mirasole 2023,mirasole-2023,included,2023,Scientific Reports,Yes,No,,,,,,,,Fluorescence,6,120,285,Plant,"Arabidopsis thaliana, guard cell",35,At-g,10,N,,Nucleus; Vacuole/Lysosome; Chloroplast/Plastid,,Additional file 5_figure_data.xlsx,Datasets_Mod_Cell_SS,https://github.com/mmirvis/Cell-Anatomy-Scoping-Review.git,a2218f4e65818f3187f2b3c050690bd16fd21c6e
mocaer-2023-002,Mocaer 2023,mocaer-2023,included,2023,Journal of Cell Science,Yes,Yes,https://github.com/mobie/environmentaldinoflagellate-vCLEM; https://www.ebi.ac.uk/empiar/EMPIAR-11399/,GitHub/MoBIE; EMPIAR,14.5 GB,14500000000,14500000000,,The FIB-SEM datasets generated during this study are available at Electron Microscopy Public Image Archive (EMPIAR) under the accession number EMPIAR11399. The complete dataset and associated segmentation can be visualized and interacted with using MoBIE (https://github.com/mobie/environmentaldinoflagellate-vCLEM).,FIB-SEM,1,8,8,Protist (dinoflagellate),Ensiculifera tyrrhenica,2,Etyr,1,Y,,Nucleus; Mitochondria; Chloroplast/Plastid; Golgi; Flagella/cilia,,Additional file 5_figure_data.xlsx,Datasets_Mod_Cell_SS,https://github.com/mmirvis/Cell-Anatomy-Scoping-Review.git,a2218f4e65818f3187f2b3c050690bd16fd21c6e
motta-2010-015,Motta 2010,motta-2010,included,2010,PLoS ONE,Yes,No,,,,,,,,FIB-SEM,1,?,113.5,Protist (parasitic protozoan),Crithidia deanei,12,Cd,1,Y,"""The description of events and timings in the C. deanei cell cycle were based on counts of 1000 cells.""",Nucleus; Flagella/cilia,,Additional file 5_figure_data.xlsx,Datasets_Mod_Cell_SS,https://github.com/mmirvis/Cell-Anatomy-Scoping-Review.git,a2218f4e65818f3187f2b3c050690bd16fd21c6e
muller-2021-094,Muller 2021,muller-2021,included,2021,Journal of Cell Biology,Yes,Yes,https://betaseg.github.io/; https://cloud.mpi-cbg.de/index.php/s/UJopHTRuh6f4wR8; https://sites.imagej.net/,BetaSeg; MPI-CBG Cloud; sites.imagej.net,56.4,56400000000,56400000000,numeric cell without units in workbook; interpreted as GB from context,Segmentation masks and crops of analyzed Î² cellshavebeen binned to near 16 nm isotropic voxel size and are available for download via https://betaseg.github.io/. The FIJI plugin BetaSeg Viewer and the plugin for importing KNOSSOS skeletons can be downloaded via the update site https://sites.imagej.net/ betaseg/.,FIB-SEM,1,4,4,Rodent,"M. musculus, beta cell",61,MsBeta,7,Y,"3 low-glucose, 4 high-glucose","Nucleus; Mitochondria; Golgi; centrosome/basal body, flagella",centriole; axomene,Additional file 5_figure_data.xlsx,Datasets_Mod_Cell_SS,https://github.com/mmirvis/Cell-Anatomy-Scoping-Review.git,a2218f4e65818f3187f2b3c050690bd16fd21c6e
murata-2014-060,Murata 2014,murata-2014,included,2014,Ultramicroscopy,No,No,,,,,,,,STEM,9,5,25,Yeast,Saccharomyces cerevisiae,38,Sc,1,Y,,Nucleus; Mitochondria; Vacuole/Lysosome,,Additional file 5_figure_data.xlsx,Datasets_Mod_Cell_SS,https://github.com/mmirvis/Cell-Anatomy-Scoping-Review.git,a2218f4e65818f3187f2b3c050690bd16fd21c6e
murphy-2011-109,Murphy 2011,murphy-2011,included,2011,Journal of Structural Biology,Yes,No,,,,,,,,FIB-SEM,1,21,21,Human,T cell,72,T,1,Y,,Nucleus; Mitochondria,,Additional file 5_figure_data.xlsx,Datasets_Mod_Cell_SS,https://github.com/mmirvis/Cell-Anatomy-Scoping-Review.git,a2218f4e65818f3187f2b3c050690bd16fd21c6e
niclis-2015-102,Niclis 2015,niclis-2015,included,2015,J Royal Society Interface,Yes,No,,,,,,,,SXT,2,50,50,Human (undifferentiated),hASC (adipose-derived),67,hASC,12,N,,Nucleus; Mitochondria; Vacuole/Lysosome,,Additional file 5_figure_data.xlsx,Datasets_Mod_Cell_SS,https://github.com/mmirvis/Cell-Anatomy-Scoping-Review.git,a2218f4e65818f3187f2b3c050690bd16fd21c6e
niclis-2015-101,Niclis 2015,niclis-2015,included,2015,J Royal Society Interface,Yes,No,,,,,,,,SXT,2,50,50,Human (undifferentiated),hESC (embryonic),66,hESC,12,N,"(12 hESC and 12 hAEC imaged, but unclear if whole-cell. States that videos are available in elec supp material, but can't track it down online)",Nucleus; Mitochondria; Vacuole/Lysosome,,Additional file 5_figure_data.xlsx,Datasets_Mod_Cell_SS,https://github.com/mmirvis/Cell-Anatomy-Scoping-Review.git,a2218f4e65818f3187f2b3c050690bd16fd21c6e
noske-2008-095,Noske 2008,noske-2008,included,2008,Journal of Structural Biology,Yes,No,,,,,,,"""Original EM tilt series image stacks, together with the resulting tomographic reconstructions and 3D surface-rendered model data associated with this work have been deposited in the Cell Centered Database (CCDB; http://ncmir.ucsd.edu/CCDB/) (Martone et al., 2002). Associated QuickTimeÂ® movies and high-resolution images derived from the tomograms and 3D rendered models published here are publicly available for download directly from the CCDB or from the Journal of Structural Biology website, or can be provided from the authors on CD-ROM or DVD-ROM on request."" - However, link no longer works",ET (Cryo),5,15-20,15-20,Rodent,"M. musculus, beta cell",61,MsBeta,2,Y,,Nucleus; Mitochondria; Golgi; MVB,,Additional file 5_figure_data.xlsx,Datasets_Mod_Cell_SS,https://github.com/mmirvis/Cell-Anatomy-Scoping-Review.git,a2218f4e65818f3187f2b3c050690bd16fd21c6e
oi-2017-044,Oi 2017,oi-2017,included,2017,Annals of Botany,Yes,No,,,,,,,,FIB-SEM,1,25,50,Plant,"Oryza sativa, mesophyll",31,Os,3,Y,"1 visible 3D reconstruction, 2 addtl in supp movies (chloroplast counts)",Nucleus; Chloroplast/Plastid,,Additional file 5_figure_data.xlsx,Datasets_Mod_Cell_SS,https://github.com/mmirvis/Cell-Anatomy-Scoping-Review.git,a2218f4e65818f3187f2b3c050690bd16fd21c6e
okumura-2018-097,Okumura 2018,okumura-2018,included,2018,Micron,No,No,,,,,,,,ET,5,?,60-80,Mammal,Mm2T (Muntiacus muntjak),63,Mm2T,1,Y,,Mitochondria; Lipid Droplets;,,Additional file 5_figure_data.xlsx,Datasets_Mod_Cell_SS,https://github.com/mmirvis/Cell-Anatomy-Scoping-Review.git,a2218f4e65818f3187f2b3c050690bd16fd21c6e
ota-2016-036,Ota 2016,ota-2016,included,2016,Biotechnology for Biofuels,Yes,No,,,,,,,,ssTEM,4,?,?,Protist (green alga),Parachlorella kessleri,26,Pk,3,Y,1 per condition,Nucleus; Mitochondria; Vacuole/Lysosome; Lipid Droplets; Chloroplast/Plastid,,Additional file 5_figure_data.xlsx,Datasets_Mod_Cell_SS,https://github.com/mmirvis/Cell-Anatomy-Scoping-Review.git,a2218f4e65818f3187f2b3c050690bd16fd21c6e
paredes-santos-2012-018,Paredes-Santos 2012,paredes-santos-2012,included,2012,Journal of Structural Biology,No,No,,,,,,,,FIB-SEM,1,25,25,Protist (parasitic protozoan),Toxoplasma gondii,14,Tg,2,Y,"2 reconstructions stated, 1 full 3D model visualized",,"Other: secretory organelles (microneme, rhoptry, dense granules), conoid",Additional file 5_figure_data.xlsx,Datasets_Mod_Cell_SS,https://github.com/mmirvis/Cell-Anatomy-Scoping-Review.git,a2218f4e65818f3187f2b3c050690bd16fd21c6e
parkinson-2008-053,Parkinson 2008,parkinson-2008,included,2008,Journal of Structural Biology,Yes,No,,,,,,,,SXT,2,20,20,Yeast,Schizosaccharomyces pombe,37,Sp,4,Y,"1 early cc, 1 pre-division, 1 mother & 1 daughter (attached)",Nucleus; Mitochondria; Vacuole/Lysosome;,,Additional file 5_figure_data.xlsx,Datasets_Mod_Cell_SS,https://github.com/mmirvis/Cell-Anatomy-Scoping-Review.git,a2218f4e65818f3187f2b3c050690bd16fd21c6e
perktold-2007-061,Perktold 2007,perktold-2007,included,2007,FEMS Yeast Res,Yes,No,,,,,,,,ssTEM,4,30,80,Yeast,Saccharomyces cerevisiae,38,Sc,2,N,at least one chemically fixed and one cryofixed,Nucleus; ER; Mitochondria; Vacuole/Lysosome; Lipid Droplets,,Additional file 5_figure_data.xlsx,Datasets_Mod_Cell_SS,https://github.com/mmirvis/Cell-Anatomy-Scoping-Review.git,a2218f4e65818f3187f2b3c050690bd16fd21c6e
pokrovskaya-2020-106,Pokrovskaya 2020,pokrovskaya-2020,included,2019,Res Pract Thromb Haemost,Yes,No,,,,,,,,SBF-SEM,3,6.8,30,Human,platelet,70,HuPlt,30,Y,,Mitochondria,,Additional file 5_figure_data.xlsx,Datasets_Mod_Cell_SS,https://github.com/mmirvis/Cell-Anatomy-Scoping-Review.git,a2218f4e65818f3187f2b3c050690bd16fd21c6e
pokrovskaya-2021-086,Pokrovskaya 2021,pokrovskaya-2021,included,2021,Platelets,Yes,No,,,,,,,,SBF-SEM,3,6.7,35,Rodent,C57BL/6 (M. musculus),56,C57BL,10,Y,,Mitochondria,,Additional file 5_figure_data.xlsx,Datasets_Mod_Cell_SS,https://github.com/mmirvis/Cell-Anatomy-Scoping-Review.git,a2218f4e65818f3187f2b3c050690bd16fd21c6e
pollreisz-2020-104,Pollreisz 2020,pollreisz-2020,included,2020,Invest Ophthalmol Vis Sci.,Yes,No,,,,,,,,SBF-SEM,3,5,65-75,Human,RPE (retinal epithelia),69,HuRPE,17,Y,,Nucleus,,Additional file 5_figure_data.xlsx,Datasets_Mod_Cell_SS,https://github.com/mmirvis/Cell-Anatomy-Scoping-Review.git,a2218f4e65818f3187f2b3c050690bd16fd21c6e
ramos-2011-007,Ramos 2011,ramos-2011,included,2011,Cytometry A,Yes,No,,,,,,,,ssTEM,4,200,200,Protist (parasitic protozoan),Trypanosoma cruzi,5,Tc,1,Y,,Nucleus; Mitochondria; Vesicles; Flagella/cilia,,Additional file 5_figure_data.xlsx,Datasets_Mod_Cell_SS,https://github.com/mmirvis/Cell-Anatomy-Scoping-Review.git,a2218f4e65818f3187f2b3c050690bd16fd21c6e
rodriguez-2015-012,Rodriguez 2015,rodriguez-2015,included,2015,IUCrJ,Yes,No,,,,,,,,X-ray diffraction,10,74-99,74-99,Protist (parasitic protozoan),Neospora caninum,9,Nc,1,Y,,Nucleus; Mitochondria,,Additional file 5_figure_data.xlsx,Datasets_Mod_Cell_SS,https://github.com/mmirvis/Cell-Anatomy-Scoping-Review.git,a2218f4e65818f3187f2b3c050690bd16fd21c6e
rudlaff-2020-023,Rudlaff 2020,rudlaff-2020,included,2020,PLOS Pathogens,Yes,Yes,https://www.ebi.ac.uk/pdbe/; https://www.ebi.ac.uk/empiar/EMPIAR-10392/,www.ebi.ac.uk; EMPIAR,3.9 GB,3900000000,3900000000,,"Y (""All relevant data are within the manuscript and its Supporting Information files.The supplemental files are available for download from the Electron Microscopy Public Image Archive (EMPIAR) as entry EMPIAR-10392(https://w ww.ebi.ac.uk/pdbe/ emdb/empiar/entry/10392/)."")",FIB-SEM,1,5,20,Protist (parasitic protozoan),Plasmodium falciparum,15,Pf,11,Y,"11 fully rendered & analyzed: 4 early segmentation, 4 mid-segmentation, 1pvm rupture, 2 post-pvm rupture (+/- E54 treatment) 23 full schizonts (48-50hpi, +79 partial); 15 full schizonts in the 46-48hpi (+75 partial)",Nucleus; Vacuole/Lysosome; Centrosome/Basal Body,,Additional file 5_figure_data.xlsx,Datasets_Mod_Cell_SS,https://github.com/mmirvis/Cell-Anatomy-Scoping-Review.git,a2218f4e65818f3187f2b3c050690bd16fd21c6e
sakaguchi-2016-024,Sakaguchi 2016,sakaguchi-2016,included,2016,Journal of Structural Biology,No,Yes,https://www.ebi.ac.uk/empiar/EMPIAR-10052/; https://www.ebi.ac.uk/empiar/EMPIAR-10053/; https://www.ebi.ac.uk/empiar/EMPIAR-10054/; https://www.ebi.ac.uk/empiar/EMPIAR-10055/,EMPIAR,293+268+222+219.7 MB,219700000,219700000,,EMPIAR-10052-10055 (10053 doesn't work),SBF-SEM,3,8.22,70,Protist (parasitic protozoan),Plasmodium falciparum,15,Pf-iHe,22,Y,"22 iRBCs, as well as 10 non-iRBCs which don't count becase they don't have organelles",Nucleus; Mitochondria; Vacuole/Lysosome; Vesicles,,Additional file 5_figure_data.xlsx,Datasets_Mod_Cell_SS,https://github.com/mmirvis/Cell-Anatomy-Scoping-Review.git,a2218f4e65818f3187f2b3c050690bd16fd21c6e
tashyreva-2023-001,Tashyreva 2023,tashyreva-2023,included,2023,mBio,Yes,No,,,,,,,,SBF-SEM,3,6,100,Protist (diplonemid),Lacrimia vacuolata,1,Lv,24,N,"""dozens"", pg 12 - 7 in Fig 5, 8 in Fig 6 (although 6I looks similar to 5H; lasta 3 in 6A look like 6H & 6I), 5 in Fig 7 (although 3rd & 4th look like 6H; 5th looks like 5C); 2 in Fig 8 (8L looks like 6H & 7H#3); 2 in Fig 9 (9F looks like 7H#1, rotated, 9G could be 7H#3)",Nucleus; Mitochondria; Lipid Droplets; Golgi; Flagella/cilia,,Additional file 5_figure_data.xlsx,Datasets_Mod_Cell_SS,https://github.com/mmirvis/Cell-Anatomy-Scoping-Review.git,a2218f4e65818f3187f2b3c050690bd16fd21c6e
uchida-2009-071,Uchida 2009,uchida-2009,included,2009,Proc Natl Acad Sci USA,Yes,No,,,,,,,,SXT,2,50,50,Yeast,Candida albicans,41,Ca,42,Y,split between yeast-like and germ tube (life cycle),Nucleus; Mitochondria; Vacuole/Lysosome; Lipid Droplets,,Additional file 5_figure_data.xlsx,Datasets_Mod_Cell_SS,https://github.com/mmirvis/Cell-Anatomy-Scoping-Review.git,a2218f4e65818f3187f2b3c050690bd16fd21c6e
uchida-2011-062,Uchida 2011,uchida-2011,included,2011,Yeast,Yes,No,,,,,,,,SXT,2,50,50,Yeast,Saccharomyces cerevisiae,38,Sc,200,Y,,Nucleus; Mitochondria; Vacuole/Lysosome; Lipid Droplets,,Additional file 5_figure_data.xlsx,Datasets_Mod_Cell_SS,https://github.com/mmirvis/Cell-Anatomy-Scoping-Review.git,a2218f4e65818f3187f2b3c050690bd16fd21c6e
umemura-2020-034,Umemura 2020,umemura-2020,included,2020,MethodsX,Yes,No,,,,,,,,Optical tomography (diffraction),7,100,360,"Protist (diatom, algae/plankton)",Cylindrotheca sp.,24,Cyl,1,Y,,Vacuole/Lysosome; Chloroplast/Plastid,,Additional file 5_figure_data.xlsx,Datasets_Mod_Cell_SS,https://github.com/mmirvis/Cell-Anatomy-Scoping-Review.git,a2218f4e65818f3187f2b3c050690bd16fd21c6e
uwizeye-2021a-027,Uwizeye 2021a,uwizeye-2021a,included,2021,Nature Communications,Yes,Yes,https://www.ebi.ac.uk/biostudies/bioimages/studies/S-BSST575; https://www.ebi.ac.uk/biostudies/studies/S-BSST575,BioStudies,958.3,958300000000,958300000000,numeric cell without units in workbook; interpreted as GB from context,"""The authors declare that all the data supporting the findings of this study are available within the paper and in its supplementary information files. Raw FIB-SEM stacks are available at https://www.ebi.ac.uk/biostudies/studies/S-BSST575. Source data are provided with this paper""",FIB-SEM,1,4-8,4-8,Protist (plankton),Emiliana,18,Emi,3,Y,,Nucleus; Mitochondria; Chloroplast/Plastid,,Additional file 5_figure_data.xlsx,Datasets_Mod_Cell_SS,https://github.com/mmirvis/Cell-Anatomy-Scoping-Review.git,a2218f4e65818f3187f2b3c050690bd16fd21c6e
uwizeye-2021a-031,Uwizeye 2021a,uwizeye-2021a,included,2021,Nature Communications,Yes,Yes,https://www.ebi.ac.uk/biostudies/bioimages/studies/S-BSST575; https://www.ebi.ac.uk/biostudies/studies/S-BSST575,BioStudies,958.3,958300000000,958300000000,numeric cell without units in workbook; interpreted as GB from context,"""The authors declare that all the data supporting the findings of this study are available within the paper and in its supplementary information files. Raw FIB-SEM stacks are available at https://www.ebi.ac.uk/biostudies/studies/S-BSST575. Source data are provided with this paper""",FIB-SEM,1,4-8,4-8,Protist (plankton),Galdieria,21,Gal,3,Y,,Nucleus; Mitochondria; Chloroplast/Plastid,,Additional file 5_figure_data.xlsx,Datasets_Mod_Cell_SS,https://github.com/mmirvis/Cell-Anatomy-Scoping-Review.git,a2218f4e65818f3187f2b3c050690bd16fd21c6e
uwizeye-2021a-026,Uwizeye 2021a,uwizeye-2021a,included,2021,Nature Communications,Yes,Yes,https://www.ebi.ac.uk/biostudies/bioimages/studies/S-BSST575; https://www.ebi.ac.uk/biostudies/studies/S-BSST575,BioStudies,958.3,958300000000,958300000000,numeric cell without units in workbook; interpreted as GB from context,"""The authors declare that all the data supporting the findings of this study are available within the paper and in its supplementary information files. Raw FIB-SEM stacks are available at https://www.ebi.ac.uk/biostudies/studies/S-BSST575. Source data are provided with this paper""",FIB-SEM,1,4-8,4-8,Protist (plankton),Micromonas,17,Mic,3,Y,3 cells per species,Nucleus; Mitochondria; Chloroplast/Plastid,,Additional file 5_figure_data.xlsx,Datasets_Mod_Cell_SS,https://github.com/mmirvis/Cell-Anatomy-Scoping-Review.git,a2218f4e65818f3187f2b3c050690bd16fd21c6e
uwizeye-2021a-033,Uwizeye 2021a,uwizeye-2021a,included,2021,Nature Communications,Yes,Yes,https://www.ebi.ac.uk/biostudies/bioimages/studies/S-BSST575; https://www.ebi.ac.uk/biostudies/studies/S-BSST575,BioStudies,958.3,958300000000,958300000000,numeric cell without units in workbook; interpreted as GB from context,"""The authors declare that all the data supporting the findings of this study are available within the paper and in its supplementary information files. Raw FIB-SEM stacks are available at https://www.ebi.ac.uk/biostudies/studies/S-BSST575. Source data are provided with this paper""",FIB-SEM,1,4-8,4-8,Protist (plankton),Nannochloropsis,23,Nan,3,Y,,Nucleus; Mitochondria; Chloroplast/Plastid,,Additional file 5_figure_data.xlsx,Datasets_Mod_Cell_SS,https://github.com/mmirvis/Cell-Anatomy-Scoping-Review.git,a2218f4e65818f3187f2b3c050690bd16fd21c6e
uwizeye-2021a-039,Uwizeye 2021a,uwizeye-2021a,included,2021,Nature Communications,Yes,Yes,https://www.ebi.ac.uk/biostudies/bioimages/studies/S-BSST575; https://www.ebi.ac.uk/biostudies/studies/S-BSST575,BioStudies,958.3,958300000000,958300000000,numeric cell without units in workbook; interpreted as GB from context,"""The authors declare that all the data supporting the findings of this study are available within the paper and in its supplementary information files. Raw FIB-SEM stacks are available at https://www.ebi.ac.uk/biostudies/studies/S-BSST575. Source data are provided with this paper""",FIB-SEM,1,4-8,4-8,Protist (plankton),Pelagomonas,29,Pel,3,Y,,Nucleus; Mitochondria; Chloroplast/Plastid; Vesicles;,,Additional file 5_figure_data.xlsx,Datasets_Mod_Cell_SS,https://github.com/mmirvis/Cell-Anatomy-Scoping-Review.git,a2218f4e65818f3187f2b3c050690bd16fd21c6e
uwizeye-2021a-032,Uwizeye 2021a,uwizeye-2021a,included,2021,Nature Communications,Yes,Yes,https://www.ebi.ac.uk/biostudies/bioimages/studies/S-BSST575; https://www.ebi.ac.uk/biostudies/studies/S-BSST575,BioStudies,958.3,958300000000,958300000000,numeric cell without units in workbook; interpreted as GB from context,"""The authors declare that all the data supporting the findings of this study are available within the paper and in its supplementary information files. Raw FIB-SEM stacks are available at https://www.ebi.ac.uk/biostudies/studies/S-BSST575. Source data are provided with this paper""",FIB-SEM,1,4-8,4-8,Protist (plankton),Phaeodactylum,22,Phae,3,Y,,Nucleus; Mitochondria; Chloroplast/Plastid,,Additional file 5_figure_data.xlsx,Datasets_Mod_Cell_SS,https://github.com/mmirvis/Cell-Anatomy-Scoping-Review.git,a2218f4e65818f3187f2b3c050690bd16fd21c6e
uwizeye-2021a-030,Uwizeye 2021a,uwizeye-2021a,included,2021,Nature Communications,Yes,Yes,https://www.ebi.ac.uk/biostudies/bioimages/studies/S-BSST575; https://www.ebi.ac.uk/biostudies/studies/S-BSST575,BioStudies,958.3,958300000000,958300000000,numeric cell without units in workbook; interpreted as GB from context,"""The authors declare that all the data supporting the findings of this study are available within the paper and in its supplementary information files. Raw FIB-SEM stacks are available at https://www.ebi.ac.uk/biostudies/studies/S-BSST575. Source data are provided with this paper""",FIB-SEM,1,4-8,4-8,Protist (plankton),Symbiodinium,20,Sym,3,Y,,Nucleus; Mitochondria; Chloroplast/Plastid,,Additional file 5_figure_data.xlsx,Datasets_Mod_Cell_SS,https://github.com/mmirvis/Cell-Anatomy-Scoping-Review.git,a2218f4e65818f3187f2b3c050690bd16fd21c6e
uwizeye-2021b-029,Uwizeye 2021b,uwizeye-2021b,included,2021,PNAS,Yes,Yes,https://www.ebi.ac.uk/empiar/EMPIAR-10672/,EMPIAR,2.9 GB,2900000000,2900000000,,"Raw electron microscopy data are deposited in the Electron Microscopy Public Image Archive (EMPIAR), accession code EMPIAR-10672.",FIB-SEM,1,5-10,5-10,Protist (phytoplankton),Phaeocystis cordata,19,Pcor,27,Y,"20 free-living + 7 symbiotic (w/ Â and w/o host Acantharia (radiolarian protozoa, marine microplankton))",Nucleus; Mitochondria; Vacuole/Lysosome; Chloroplast/Plastid,,Additional file 5_figure_data.xlsx,Datasets_Mod_Cell_SS,https://github.com/mmirvis/Cell-Anatomy-Scoping-Review.git,a2218f4e65818f3187f2b3c050690bd16fd21c6e
valm-2017-100,Valm 2017,valm-2017,included,2017,Nature,Yes,Yes,,,,,,,Data availability. The authors declare that all data supporting the findings of this study are available within the paper and the Supplementary Information files.,Fluorescence (LLS),6,294-375,649-947,NHP,COS-7 (Cercopithecus aethiops),65,COS7,10,Y,,ER; Mitochondria; Vacuole/Lysosome; Lipid Droplets; Peroxisome; Golgi,,Additional file 5_figure_data.xlsx,Datasets_Mod_Cell_SS,https://github.com/mmirvis/Cell-Anatomy-Scoping-Review.git,a2218f4e65818f3187f2b3c050690bd16fd21c6e
wacker-2015-076,Wacker 2015,wacker-2015,included,2015,Journal of Microscopy,Yes,No,,,,,,,,SEM-AT,13,5,70,Fish,"Danio rerio, ""cogwheel"" cell",46,ZbCog,1,Y,,Nucleus; Mitochondria; Vacuole/Lysosome; Golgi,,Additional file 5_figure_data.xlsx,Datasets_Mod_Cell_SS,https://github.com/mmirvis/Cell-Anatomy-Scoping-Review.git,a2218f4e65818f3187f2b3c050690bd16fd21c6e
wacker-2015-075,Wacker 2015,wacker-2015,included,2015,Journal of Microscopy,Yes,No,,,,,,,,SEM-AT,13,5,70,Fish,"Danio rerio, ""long process"" cell",45,ZbLP,1,Y,,Nucleus; Mitochondria; Vacuole/Lysosome; Golgi,,Additional file 5_figure_data.xlsx,Datasets_Mod_Cell_SS,https://github.com/mmirvis/Cell-Anatomy-Scoping-Review.git,a2218f4e65818f3187f2b3c050690bd16fd21c6e
wacker-2015-085,Wacker 2015,wacker-2015,included,2015,Journal of Microscopy,Yes,No,,,,,,,,SEM-AT,13,5,70,Fish,"Danio rerio, adrenal medulla neutrophil",55,ZbAMN,1,Y,,Nucleus; Mitochondria; Vacuole/Lysosome; Golgi,,Additional file 5_figure_data.xlsx,Datasets_Mod_Cell_SS,https://github.com/mmirvis/Cell-Anatomy-Scoping-Review.git,a2218f4e65818f3187f2b3c050690bd16fd21c6e
wacker-2015-084,Wacker 2015,wacker-2015,included,2015,Journal of Microscopy,Yes,No,,,,,,,,SEM-AT,13,5,70,Fish,"Danio rerio, cytotoxic T cell",54,ZbT,1,Y,,Nucleus; ER; Mitochondria; Vacuole/Lysosome; Golgi,,Additional file 5_figure_data.xlsx,Datasets_Mod_Cell_SS,https://github.com/mmirvis/Cell-Anatomy-Scoping-Review.git,a2218f4e65818f3187f2b3c050690bd16fd21c6e
wacker-2015-077,Wacker 2015,wacker-2015,included,2015,Journal of Microscopy,Yes,No,,,,,,,,SEM-AT,13,5,70,Fish,"Danio rerio, thymus",47,ZbTh,1,Y,"1 thymus, 1 cytotoxic t cell, 1 adrenal medulla neutrophil, 1 ea of unknown cell types (cogwheel and longer process)",Nucleus; ER; Mitochondria; Vacuole/Lysosome; Golgi,,Additional file 5_figure_data.xlsx,Datasets_Mod_Cell_SS,https://github.com/mmirvis/Cell-Anatomy-Scoping-Review.git,a2218f4e65818f3187f2b3c050690bd16fd21c6e
wang-2023-114,Wang 2023,wang-2023,included,2023,iScience,Yes,No,,,,,,,Data: all the data reported in this study will be shared by the lead contact upon request. Software: The codes used in this iScience manuscript have been uploaded into the GitHub public platform and can be accessed at this web address: https://github.com/ramonbossardi/GithubCode_03162023.,Fluorescence,6,40,200,Human (cancer),AU565 (breast cancer),77,AU565,20,Y,,"Nucleus; Mitochondria, early endosome",,Additional file 5_figure_data.xlsx,Datasets_Mod_Cell_SS,https://github.com/mmirvis/Cell-Anatomy-Scoping-Review.git,a2218f4e65818f3187f2b3c050690bd16fd21c6e
wang-2023-103,Wang 2023,wang-2023,included,2023,iScience,Yes,No,,,,,,,Data: all the data reported in this study will be shared by the lead contact upon request. Software: The codes used in this iScience manuscript have been uploaded into the GitHub public platform and can be accessed at this web address: https://github.com/ramonbossardi/GithubCode_03162023.,Fluorescence,6,40,200,Human (differentiated),MCF10A (breast epithelia),68,MCF10A,20,Y,,"Nucleus; Mitochondria, early endosome",,Additional file 5_figure_data.xlsx,Datasets_Mod_Cell_SS,https://github.com/mmirvis/Cell-Anatomy-Scoping-Review.git,a2218f4e65818f3187f2b3c050690bd16fd21c6e
wang-2023-112,Wang 2023,wang-2023,included,2023,iScience,Yes,No,,,,,,,Data: all the data reported in this study will be shared by the lead contact upon request. Software: The codes used in this iScience manuscript have been uploaded into the GitHub public platform and can be accessed at this web address: https://github.com/ramonbossardi/GithubCode_03162023.,Fluorescence,6,40,200,Human (cancer),MDA231 (breast cancer),75,MDA231,20,Y,10 cells per 4 cell lines per 2 culture conditions,"Nucleus; Mitochondria, early endosome",,Additional file 5_figure_data.xlsx,Datasets_Mod_Cell_SS,https://github.com/mmirvis/Cell-Anatomy-Scoping-Review.git,a2218f4e65818f3187f2b3c050690bd16fd21c6e
wang-2023-113,Wang 2023,wang-2023,included,2023,iScience,Yes,No,,,,,,,Data: all the data reported in this study will be shared by the lead contact upon request. Software: The codes used in this iScience manuscript have been uploaded into the GitHub public platform and can be accessed at this web address: https://github.com/ramonbossardi/GithubCode_03162023.,Fluorescence,6,40,200,Human (cancer),T47D (breast cancer),76,T47D,20,Y,,"Nucleus; Mitochondria, early endosome",,Additional file 5_figure_data.xlsx,Datasets_Mod_Cell_SS,https://github.com/mmirvis/Cell-Anatomy-Scoping-Review.git,a2218f4e65818f3187f2b3c050690bd16fd21c6e
wayama-2013-037,Wayama 2013,wayama-2013,included,2013,PLoS ONE,Yes,No,,,,,,,,ssTEM,4,3-5,3-5,Protist (green alga),Haematococcus pluvialis,27,Hp,2,Y,"1 coccoid cell, 1 cyst cell",Nucleus; Mitochondria; Chloroplast/Plastid; Golgi,,Additional file 5_figure_data.xlsx,Datasets_Mod_Cell_SS,https://github.com/mmirvis/Cell-Anatomy-Scoping-Review.git,a2218f4e65818f3187f2b3c050690bd16fd21c6e
wei-2012-063,Wei 2012,wei-2012,included,2012,Biotechniques,Yes,No,,,,,,,,FIB-SEM,1,3,3,Yeast,Saccharomyces cerevisiae,38,Sc,1,Y,1 cell per resolution,Nucleus; ER; Mitochondria; Vacuole/Lysosome; Lipid Droplets; Golgi; Vesicles;,,Additional file 5_figure_data.xlsx,Datasets_Mod_Cell_SS,https://github.com/mmirvis/Cell-Anatomy-Scoping-Review.git,a2218f4e65818f3187f2b3c050690bd16fd21c6e
wei-2012-064,Wei 2012,wei-2012,included,2012,Biotechniques,Yes,No,,,,,,,,FIB-SEM,1,5,5,Yeast,Saccharomyces cerevisiae,38,Sc,1,Y,1 cell per resolution,Nucleus; ER; Mitochondria; Vacuole/Lysosome; Lipid Droplets; Golgi; Vesicles;,,Additional file 5_figure_data.xlsx,Datasets_Mod_Cell_SS,https://github.com/mmirvis/Cell-Anatomy-Scoping-Review.git,a2218f4e65818f3187f2b3c050690bd16fd21c6e
wei-2012-065,Wei 2012,wei-2012,included,2012,Biotechniques,Yes,No,,,,,,,,FIB-SEM,1,3.72,15,Yeast,Saccharomyces cerevisiae,38,Sc,1,Y,1 cell per resolution,Nucleus; ER; Mitochondria; Vacuole/Lysosome; Lipid Droplets; Golgi; Vesicles;,,Additional file 5_figure_data.xlsx,Datasets_Mod_Cell_SS,https://github.com/mmirvis/Cell-Anatomy-Scoping-Review.git,a2218f4e65818f3187f2b3c050690bd16fd21c6e
white-2020-089,White 2020,white-2020,included,2020,Science Advances,Yes,No,,,,,,,,SXT,2,60,60,Rodent,INS-1E (R. norvegicus),57,RtBeta,40,Y,8 x 5 conditions,Nucleus; Mitochondria; Lipid Droplets; Vesicles,,Additional file 5_figure_data.xlsx,Datasets_Mod_Cell_SS,https://github.com/mmirvis/Cell-Anatomy-Scoping-Review.git,a2218f4e65818f3187f2b3c050690bd16fd21c6e
wu-2020-066,Wu 2020,wu-2020,included,2020,Structure,Yes,No,,,,,,,"N (""Representative tomogram containing an Hsp104-GFP-positive aggregate densities: EMD-21953. Raw CACM, cryoFIB-SEM, and cryoET data necessary to replicate our analyses can be made available upon request."")",FIB-SEM,1,"CACM: xy? 0.42um (z); FIBSEM: 39.19nm milling (z?), pixel size 12.56nm (xy); ssTEM ?","CACM: xy? 0.42um (z); FIBSEM: 39.19nm milling (z?), pixel size 12.56nm (xy); ssTEM ?",Yeast,Saccharomyces cerevisiae,38,Sc,1,Y,"comparing 3 modalities on 1 cell, FIB-SEM produces the only ""whole cell""",Nucleus; Mitochondria; Vacuole/Lysosome; Lipid Droplets; Vesicles,,Additional file 5_figure_data.xlsx,Datasets_Mod_Cell_SS,https://github.com/mmirvis/Cell-Anatomy-Scoping-Review.git,a2218f4e65818f3187f2b3c050690bd16fd21c6e
xu-2024-043,Xu 2024,xu-2024,included,2024,ACS Nano,No,No,,,,,,,,SXT,2,30,30,Protist (green alga),Chlamydomonas reinhartdii,30,Cr,12,Y,6 ctrl + 6 AgNP-treated,Nucleus; ER; Vacuole/Lysosome; Lipid Droplets; Flagella/cilia,,Additional file 5_figure_data.xlsx,Datasets_Mod_Cell_SS,https://github.com/mmirvis/Cell-Anatomy-Scoping-Review.git,a2218f4e65818f3187f2b3c050690bd16fd21c6e
yamaguchi-2011-067,Yamaguchi 2011,yamaguchi-2011,included,2011,J Electron Microsc (Tokyo),No,No,,,,,,,,ssTEM,4,30,30,Yeast,Saccharomyces cerevisiae,38,Sc,6,Y,"(3 G1, 3 early G1)",ER; Mitochondria; Vacuole/Lysosome; Vesicles,,Additional file 5_figure_data.xlsx,Datasets_Mod_Cell_SS,https://github.com/mmirvis/Cell-Anatomy-Scoping-Review.git,a2218f4e65818f3187f2b3c050690bd16fd21c6e
yao-2018-091,Yao 2018,yao-2018,included,2018,IUCrJ,Yes,No,,,,,,,,STXM,12,75-80,50,Rodent,"M. musculus, macrophage",59,MsPM,1,Y,,Nucleus; Vacuole/Lysosome,,Additional file 5_figure_data.xlsx,Datasets_Mod_Cell_SS,https://github.com/mmirvis/Cell-Anatomy-Scoping-Review.git,a2218f4e65818f3187f2b3c050690bd16fd21c6e
zechmann-2022-047,Zechmann 2022,zechmann-2022,included,2022,Planta,No,No,,,,,,,Dataset availability The datasets generated during and/or analyzed during the current study are available from the corresponding author on reasonable request.,FIB-SEM,1,?,80,Plant,Cucurbita pepo,33,Cpep,1,Y,,Nucleus; Mitochondria; Vacuole/Lysosome; Chloroplast/Plastid; Peroxisome,,Additional file 5_figure_data.xlsx,Datasets_Mod_Cell_SS,https://github.com/mmirvis/Cell-Anatomy-Scoping-Review.git,a2218f4e65818f3187f2b3c050690bd16fd21c6e
zechmann-2022-048,Zechmann 2022,zechmann-2022,included,2022,Planta,No,No,,,,,,,Dataset availability The datasets generated during and/or analyzed during the current study are available from the corresponding author on reasonable request.,ssTEM,4,?,80,Plant,Cucurbita pepo,33,Cpep,1,Y,,Nucleus; Mitochondria; Vacuole/Lysosome; Chloroplast/Plastid; Peroxisome,,Additional file 5_figure_data.xlsx,Datasets_Mod_Cell_SS,https://github.com/mmirvis/Cell-Anatomy-Scoping-Review.git,a2218f4e65818f3187f2b3c050690bd16fd21c6e
zechmann-2022-045,Zechmann 2022,zechmann-2022,included,2022,Planta,No,No,,,,,,,Dataset availability The datasets generated during and/or analyzed during the current study are available from the corresponding author on reasonable request.,FIB-SEM,1,?,80,Plant,Nicotiana tabacum,32,Nt,1,Y,,Nucleus; Mitochondria; Vacuole/Lysosome; Chloroplast/Plastid; Peroxisome,,Additional file 5_figure_data.xlsx,Datasets_Mod_Cell_SS,https://github.com/mmirvis/Cell-Anatomy-Scoping-Review.git,a2218f4e65818f3187f2b3c050690bd16fd21c6e
zechmann-2022-046,Zechmann 2022,zechmann-2022,included,2022,Planta,No,No,,,,,,,Dataset availability The datasets generated during and/or analyzed during the current study are available from the corresponding author on reasonable request.,ssTEM,4,?,80,Plant,Nicotiana tabacum,32,Nt,1,Y,,Nucleus; Mitochondria; Vacuole/Lysosome; Chloroplast/Plastid; Peroxisome,,Additional file 5_figure_data.xlsx,Datasets_Mod_Cell_SS,https://github.com/mmirvis/Cell-Anatomy-Scoping-Review.git,a2218f4e65818f3187f2b3c050690bd16fd21c6e
zheng-2012-054,Zheng 2012,zheng-2012,included,2012,Microscopy research and technique,No,No,,,,,,,,HXT,8,50,50,Yeast,Schizosaccharomyces pombe,37,Sp,3,Y,,Mitochondria; Vacuole/Lysosome; Lipid Droplets,,Additional file 5_figure_data.xlsx,Datasets_Mod_Cell_SS,https://github.com/mmirvis/Cell-Anatomy-Scoping-Review.git,a2218f4e65818f3187f2b3c050690bd16fd21c6e
