study_id,study_slug,included_status,title,pmid,year_published,journal_published,article_type_general,article_type_specific,open_access,data_available,data_availability_notes,imaging_modality,resolution,sample_size_number,sample_size_notes,model_system,model_system_specific,organelles,quantifications,comparators_conditions,comments,source_file,source_sheet,source_repo_url,source_commit
Araki 2020,araki-2020,borderline,Three-dimensional electron microscopy analysis reveals endopolygeny-like nuclear architecture segregation in Plasmodium oocyst development.,31805442,2020,Parasitology International,,,,,,,,,,,,,,,,Additional file 2_includes_borderlines.xlsx,Data Extraction_Borderlines,https://github.com/mmirvis/Cell-Anatomy-Scoping-Review.git,a2218f4e65818f3187f2b3c050690bd16fd21c6e
Biazik 2015,biazik-2015,borderline,Ultrastructural relationship of the phagophore with surrounding organelles.,25714487,2015,Autophagy,,,,,,,,,,,,,,,,Additional file 2_includes_borderlines.xlsx,Data Extraction_Borderlines,https://github.com/mmirvis/Cell-Anatomy-Scoping-Review.git,a2218f4e65818f3187f2b3c050690bd16fd21c6e
Bullen 2015,bullen-2015,borderline,Association of intracellular and synaptic organization in cochlear inner hair cells revealed by 3D electron microscopy.,26045447,2015,Journal of Cell Science,,,,,,,,,,,,,,,,Additional file 2_includes_borderlines.xlsx,Data Extraction_Borderlines,https://github.com/mmirvis/Cell-Anatomy-Scoping-Review.git,a2218f4e65818f3187f2b3c050690bd16fd21c6e
Cardoen 2024,cardoen-2024,borderline,Membrane contact site detection (MCS-DETECT) reveals dual control of rough mitochondria-ER contacts.,37948126,2024,JCB,,,,,,,,,,,,,,,,Additional file 2_includes_borderlines.xlsx,Data Extraction_Borderlines,https://github.com/mmirvis/Cell-Anatomy-Scoping-Review.git,a2218f4e65818f3187f2b3c050690bd16fd21c6e
Cortese 2020,cortese-2020,borderline,Integrative Imaging Reveals SARS-CoV-2-Induced Reshaping of Subcellular Morphologies.,33245857,2020,Cell Host & Microbe,,,,,,,,,,,,,,,Consensus,Additional file 2_includes_borderlines.xlsx,Data Extraction_Borderlines,https://github.com/mmirvis/Cell-Anatomy-Scoping-Review.git,a2218f4e65818f3187f2b3c050690bd16fd21c6e
Darif 2023,darif-2023,borderline,"From Organ to Organelle: towards a Multimodal 3D Cell Atlas of the Malaria Parasite Mosquito stages using Correlative Light, X-ray and volume Electron Microscopy.",37613241,2023,Microscopy and Microanalysis,,,,,,,,,,,,,,,,Additional file 2_includes_borderlines.xlsx,Data Extraction_Borderlines,https://github.com/mmirvis/Cell-Anatomy-Scoping-Review.git,a2218f4e65818f3187f2b3c050690bd16fd21c6e
Elgass 2015,elgass-2015,borderline,Analysis of ER-mitochondria contacts using correlative fluorescence microscopy and soft X-ray tomography of mammalian cells.,26101352,2015,J Cell Sci,,,,,,,,,,,,,,,,Additional file 2_includes_borderlines.xlsx,Data Extraction_Borderlines,https://github.com/mmirvis/Cell-Anatomy-Scoping-Review.git,a2218f4e65818f3187f2b3c050690bd16fd21c6e
Feng 2023,feng-2023,borderline,Plantorganelle Hunter is an effective deep-learning-based method for plant organelle phenotyping in electron microscopy.,37749240,2023,Nature Plants,,,,,,,,,,,,,,,,Additional file 2_includes_borderlines.xlsx,Data Extraction_Borderlines,https://github.com/mmirvis/Cell-Anatomy-Scoping-Review.git,a2218f4e65818f3187f2b3c050690bd16fd21c6e
Ferrandiz 2023,ferrandiz-2023,borderline,3D Ultrastructural Visualization of Mitosis Fidelity in Human Cells Using Serial Block Face Scanning Electron Microscopy (SBF-SEM).,37449034,2023,Bio-protocol,,,,,,,,,,,,,,,,Additional file 2_includes_borderlines.xlsx,Data Extraction_Borderlines,https://github.com/mmirvis/Cell-Anatomy-Scoping-Review.git,a2218f4e65818f3187f2b3c050690bd16fd21c6e
Gan 2017,gan-2017,borderline,Cell polarity defines three distinct domains in pancreatic Î²-cells.,26919978,2017,J Cell Sci,,,,,,,,,,,,,,,,Additional file 2_includes_borderlines.xlsx,Data Extraction_Borderlines,https://github.com/mmirvis/Cell-Anatomy-Scoping-Review.git,a2218f4e65818f3187f2b3c050690bd16fd21c6e
Guo 2022,guo-2022,borderline,"Quantitative, in situ visualization of intracellular insulin vesicles in pancreatic beta cells.",35921440,2022,Proc Natl Acad Sci U S A,,,,,,,,,,,,,,,,Additional file 2_includes_borderlines.xlsx,Data Extraction_Borderlines,https://github.com/mmirvis/Cell-Anatomy-Scoping-Review.git,a2218f4e65818f3187f2b3c050690bd16fd21c6e
Hanssen 2010,hanssen-2010,borderline,"Whole cell imaging reveals novel modular features of the exomembrane system of the malaria parasite, Plasmodium falciparum.",19766648,2010,Int J Parasitol,,,,,,,,,,,,,,,,Additional file 2_includes_borderlines.xlsx,Data Extraction_Borderlines,https://github.com/mmirvis/Cell-Anatomy-Scoping-Review.git,a2218f4e65818f3187f2b3c050690bd16fd21c6e
Heinrich 2021,heinrich-2021,borderline,Whole-cell organelle segmentation in volume electron microscopy.,34616042,2021,Nature,,,,,,,,,,,,,,,,Additional file 2_includes_borderlines.xlsx,Data Extraction_Borderlines,https://github.com/mmirvis/Cell-Anatomy-Scoping-Review.git,a2218f4e65818f3187f2b3c050690bd16fd21c6e
Heraud 2017,heraud-2017,borderline,Label-free in vivo Raman microspectroscopic imaging of the macromolecular architecture of oocytes.,28827720,2017,Nature Sci Rep,,,,,,,,,,,,,,,,Additional file 2_includes_borderlines.xlsx,Data Extraction_Borderlines,https://github.com/mmirvis/Cell-Anatomy-Scoping-Review.git,a2218f4e65818f3187f2b3c050690bd16fd21c6e
Hua 2024,hua-2024,borderline,"Light-field flow cytometry for high-resolution, volumetric and multiparametric 3D single-cell analysis.",38438356,2024,Nature Communications,,,,,,,,,,,,,,,,Additional file 2_includes_borderlines.xlsx,Data Extraction_Borderlines,https://github.com/mmirvis/Cell-Anatomy-Scoping-Review.git,a2218f4e65818f3187f2b3c050690bd16fd21c6e
Kim 2021,kim-2021,borderline,Characterizing Organelles in Live Stem Cells Using Label-Free Optical Diffraction Tomography.,34819398,2021,Mol Cells.,,,,,,,,,,,,,,,,Additional file 2_includes_borderlines.xlsx,Data Extraction_Borderlines,https://github.com/mmirvis/Cell-Anatomy-Scoping-Review.git,a2218f4e65818f3187f2b3c050690bd16fd21c6e
Lee 2023,lee-2023,borderline,Single-shot refractive index slice imaging using spectrally multiplexed optical transfer function reshaping.,37157259,2023,Optics Express,,,,,,,,,,,,,,,,Additional file 2_includes_borderlines.xlsx,Data Extraction_Borderlines,https://github.com/mmirvis/Cell-Anatomy-Scoping-Review.git,a2218f4e65818f3187f2b3c050690bd16fd21c6e
Liang 2023,liang-2023,borderline,Non-Invasive and Minute-Frequency 3D Tomographic Imaging Enabling Long-Term Spatiotemporal Observation of Single Cell Fate.,36950762,2023,Small Methods,,,,,,,,,,,,,,,,Additional file 2_includes_borderlines.xlsx,Data Extraction_Borderlines,https://github.com/mmirvis/Cell-Anatomy-Scoping-Review.git,a2218f4e65818f3187f2b3c050690bd16fd21c6e
Lipke 2014,lipke-2014,borderline,"Ultrastructure of spermatozoa of Orsolobidae (Haplogynae, Araneae) with implications on the evolution of sperm transfer forms in Dysderoidea.",24895185,2014,Journal of Morphology,,,,,,,,,,,,,,,,Additional file 2_includes_borderlines.xlsx,Data Extraction_Borderlines,https://github.com/mmirvis/Cell-Anatomy-Scoping-Review.git,a2218f4e65818f3187f2b3c050690bd16fd21c6e
NeÅ¡iÄ‡ 2024,ne-i-2024,borderline,Automated segmentation of cell organelles in volume electron microscopy using deep learning.,38501891,2024,Microscopy research and Technique,,,,,,,,,,,,,,,,Additional file 2_includes_borderlines.xlsx,Data Extraction_Borderlines,https://github.com/mmirvis/Cell-Anatomy-Scoping-Review.git,a2218f4e65818f3187f2b3c050690bd16fd21c6e
Osumi 2012,osumi-2012,borderline,Visualization of yeast cells by electron microscopy.,23231852,2012,Journal of Electron Microscopy,,,,,,,,,,,,,,,,Additional file 2_includes_borderlines.xlsx,Data Extraction_Borderlines,https://github.com/mmirvis/Cell-Anatomy-Scoping-Review.git,a2218f4e65818f3187f2b3c050690bd16fd21c6e
Perez-Berna 2021,perez-berna-2021,borderline,Monitoring reversion of hepatitis C virus-induced cellular alterations by direct-acting antivirals using cryo soft X-ray tomography and infrared microscopy,34726165,2021,Acta Crystallogr D Struct Biol,,,,,,,,,,,,,,,,Additional file 2_includes_borderlines.xlsx,Data Extraction_Borderlines,https://github.com/mmirvis/Cell-Anatomy-Scoping-Review.git,a2218f4e65818f3187f2b3c050690bd16fd21c6e
Pokrovskaya 2021,pokrovskaya-2021,borderline,Canalicular system reorganization during mouse platelet activation as revealed by 3D ultrastructural analysis.,32000578,2021,Platelets,,,,,,,,,,,,,,,,Additional file 2_includes_borderlines.xlsx,Data Extraction_Borderlines,https://github.com/mmirvis/Cell-Anatomy-Scoping-Review.git,a2218f4e65818f3187f2b3c050690bd16fd21c6e
Pumplin 2009,pumplin-2009,borderline,Live-cell imaging reveals periarbuscular membrane domains and organelle location in Medicago truncatula roots during arbuscular mycorrhizal symbiosis.,19692536,2009,Plant Physiology,,,,,,,,,,,,,,,,Additional file 2_includes_borderlines.xlsx,Data Extraction_Borderlines,https://github.com/mmirvis/Cell-Anatomy-Scoping-Review.git,a2218f4e65818f3187f2b3c050690bd16fd21c6e
RileyKCJr 2023,rileykcjr-2023,borderline,Three-Dimensional Structure of Inner Ear Hair Cell Ribbon Synapses in a Zebrafish Model of Usher Syndrome Type 1B.,37071854,2023,Zebrafish,,,,,,,,,,,,,,,,Additional file 2_includes_borderlines.xlsx,Data Extraction_Borderlines,https://github.com/mmirvis/Cell-Anatomy-Scoping-Review.git,a2218f4e65818f3187f2b3c050690bd16fd21c6e
Rusak 2023,rusak-2023,borderline,"Multimodal study of CHI3L1 inhibition and its effect on angiogenesis, migration, immune response and refractive index of cellular structures in glioblastoma.",36921538,2023,Biomedicine & Pharmacotherapy,,,,,,,,,,,,,,,,Additional file 2_includes_borderlines.xlsx,Data Extraction_Borderlines,https://github.com/mmirvis/Cell-Anatomy-Scoping-Review.git,a2218f4e65818f3187f2b3c050690bd16fd21c6e
Saliba 2023,saliba-2023,borderline,Whole-cell multi-target single-molecule super-resolution imaging in 3D with microfluidics and a single-objective tilted light sheet.,37808751,2023,BioRxiv,,,,,,,,,,,,,,,,Additional file 2_includes_borderlines.xlsx,Data Extraction_Borderlines,https://github.com/mmirvis/Cell-Anatomy-Scoping-Review.git,a2218f4e65818f3187f2b3c050690bd16fd21c6e
Seemann 2012,seemann-2012,borderline,"Insight into the ultrastructural organisation of sporulated oocysts of Eimeria nieschulzi (Coccidia, Apicomplexa).",22955498,2012,Parasitology Research,,,,,,,,,,,,,,,,Additional file 2_includes_borderlines.xlsx,Data Extraction_Borderlines,https://github.com/mmirvis/Cell-Anatomy-Scoping-Review.git,a2218f4e65818f3187f2b3c050690bd16fd21c6e
Shu 2023,shu-2023,borderline,"Three-dimensional architecture of granulosa cell derived from oocyte cumulus complex, revealed by FIB-SEM.",37946316,2023,Journal of Ovarian Research,,,,,,,,,,,,,,,,Additional file 2_includes_borderlines.xlsx,Data Extraction_Borderlines,https://github.com/mmirvis/Cell-Anatomy-Scoping-Review.git,a2218f4e65818f3187f2b3c050690bd16fd21c6e
Singh 2024,singh-2024,borderline,Pleomorphism in Biological Units of Life: Morphological Heterogeneity in Cells Does Not Translate Uniformly to Subcellular Components.,38854505,2024,ACS Omega,,,,,,,,,,,,,,,,Additional file 2_includes_borderlines.xlsx,Data Extraction_Borderlines,https://github.com/mmirvis/Cell-Anatomy-Scoping-Review.git,a2218f4e65818f3187f2b3c050690bd16fd21c6e
Sun 2023,sun-2023,borderline,3DCNAS: A universal method for predicting the location of fluorescent organelles in living cells in three-dimensional space.,37852350,2023,Experimental Cell Reserach,,,,,,,,,,,,,,,,Additional file 2_includes_borderlines.xlsx,Data Extraction_Borderlines,https://github.com/mmirvis/Cell-Anatomy-Scoping-Review.git,a2218f4e65818f3187f2b3c050690bd16fd21c6e
Tutak 2017,tutak-2017,borderline,Nanofiber scaffolds influence organelle structure and function in bone marrow stromal cells.,26888543,2017,J Biomed Mater Res B Appl Biomater,,,,,,,,,,,,,,,,Additional file 2_includes_borderlines.xlsx,Data Extraction_Borderlines,https://github.com/mmirvis/Cell-Anatomy-Scoping-Review.git,a2218f4e65818f3187f2b3c050690bd16fd21c6e
Uemura 2024,uemura-2024,borderline,Three-dimensional ultrastructural and anatomical analysis of prostatic neuroendocrine cells in mice.,38590054,2024,Prostate,,,,,,,,,,,,,,,,Additional file 2_includes_borderlines.xlsx,Data Extraction_Borderlines,https://github.com/mmirvis/Cell-Anatomy-Scoping-Review.git,a2218f4e65818f3187f2b3c050690bd16fd21c6e
VerhoefJMJ 2024,verhoefjmj-2024,borderline,Detailing organelle division and segregation in Plasmodium falciparum.,38352445,2024,BioRxiv,,,,,,,,,,,,,,,,Additional file 2_includes_borderlines.xlsx,Data Extraction_Borderlines,https://github.com/mmirvis/Cell-Anatomy-Scoping-Review.git,a2218f4e65818f3187f2b3c050690bd16fd21c6e
Wang 2023,wang-2023,borderline,Protein and lipid expansion microscopy with trypsin and tyramide signal amplification for 3D imaging.,38081848,2023,Scientific Reports,,,,,,,,,,,,,,,,Additional file 2_includes_borderlines.xlsx,Data Extraction_Borderlines,https://github.com/mmirvis/Cell-Anatomy-Scoping-Review.git,a2218f4e65818f3187f2b3c050690bd16fd21c6e
Wendt 2016,wendt-2016,borderline,Electron tomography characterization of hemoglobin uptake in Plasmodium chabaudi reveals a stage-dependent mechanism for food vacuole morphogenesis.,26882843,2016,J Struct Biol.,,,,,,,,,,,,,,,Consensus,Additional file 2_includes_borderlines.xlsx,Data Extraction_Borderlines,https://github.com/mmirvis/Cell-Anatomy-Scoping-Review.git,a2218f4e65818f3187f2b3c050690bd16fd21c6e
Xu 2021,xu-2021,borderline,An open-access volume electron microscopy atlas of whole cells and tissues.,34616045,2021,Nature,,,,,,,,,,,,,,,,Additional file 2_includes_borderlines.xlsx,Data Extraction_Borderlines,https://github.com/mmirvis/Cell-Anatomy-Scoping-Review.git,a2218f4e65818f3187f2b3c050690bd16fd21c6e
Yang 2010,yang-2010,borderline,3D visualization of subcellular structures of Schizosaccharomyces pombe by hard X-ray tomography: 3D VISUALIZATION OF SUBCELLULAR STRUCTURES,21050209,2010,Journal of Microscopy,,,,,,,,,,,,,,,,Additional file 2_includes_borderlines.xlsx,Data Extraction_Borderlines,https://github.com/mmirvis/Cell-Anatomy-Scoping-Review.git,a2218f4e65818f3187f2b3c050690bd16fd21c6e
Yapp 2024,yapp-2024,borderline,Multiplexed 3D Analysis of Immune States and Niches in Human Tissue.,38014052,2024,BioRxiv,,,,,,,,,,,,,,,,Additional file 2_includes_borderlines.xlsx,Data Extraction_Borderlines,https://github.com/mmirvis/Cell-Anatomy-Scoping-Review.git,a2218f4e65818f3187f2b3c050690bd16fd21c6e
Antao 2023,antao-2023,included,3D reconstructions of parasite development and the intracellular niche of the microsporidian pathogen Encephalitozoon intestinalis.,37996434,2023,Nature Communications,Research Article,Article,Yes,Yes,Our SBF-SEM datasets are publicly available in the EMPIAR database: EMPIAR-11683. Live-cell imaging and light microscopy data are available in Zenodo: https://doi.org/10.5281/zenodo.10009391.Source data are provided with this paper.,SBF-SEM,"2nm xy, 30-60nm z",21+ E.i. ; 4 Vero,"21+ E.i. (â€œA minimum of 7 parasites were segmented completely per conditionâ€ [sporonts, sporoblasts, spores]); 4 Vero (inc PV, Fig 5)",NHP; Other: Fungal pathogen,Encephalitozoon intestinalis (microsporidian fungal pathogen) infecting Vero cells (African green monkey cultured kidney epithelial cells),"Nucleus; ER; Mitochondria; Vacuole/Lysosome; Other: E.i: polaroplast, anchoring disc, polar tube, nucleation center, exospore",Volume; Volume fraction; Dimensions; Contacts/Associations,Other: Developmental stages,,Additional file 2_includes_borderlines.xlsx,Data Extraction_Includes,https://github.com/mmirvis/Cell-Anatomy-Scoping-Review.git,a2218f4e65818f3187f2b3c050690bd16fd21c6e
Attias 2022,attias-2022,included,"Remarkable kinetoplast, cytostome-cytopharynx complex, and storage-related structures as dissected by three-dimensional reconstruction of Trypanosoma sp. 858 isolated from a toad (Amphibia: Anura)",34798356,2022,Micron,Research Article,Not specified,No,No,"N (""no data was used for the research described in the article""?)",FIB-SEM,unclear,1,Unclear,Flagellate protist,Trypanosoma sp. 858,Nucleus; Lipid Droplets; Flagella/cilia; Other,Dimensions,,,Additional file 2_includes_borderlines.xlsx,Data Extraction_Includes,https://github.com/mmirvis/Cell-Anatomy-Scoping-Review.git,a2218f4e65818f3187f2b3c050690bd16fd21c6e
Bianco 2023,bianco-2023,included,Label-Free Intracellular Multi-Specificity in Yeast Cells by Phase-Contrast Tomographic Flow Cytometry.,37670547,2023,Small Methods,Technical Article,Research Article,Yes,No,Data Availability Statement The data that support the findings of this study are available from the corresponding author upon reasonable request.,Other: phase contrast tomography,0.5 (?),4,,Yeast,Saccharomyces cerevisiae,"Nucleus; Vacuole/Lysosome; Other: ""peri-vacuolar membrane area""","Volume; Volume fraction; Dimensions; Surface Area; Positioning/Distance; Contacts/Associations; Density; Shape; Other: size scaling, RI",Cell Cycle,,Additional file 2_includes_borderlines.xlsx,Data Extraction_Includes,https://github.com/mmirvis/Cell-Anatomy-Scoping-Review.git,a2218f4e65818f3187f2b3c050690bd16fd21c6e
Burrell 2022,burrell-2022,included,Cellular electron tomography of the apical complex in the apicomplexan parasite Eimeria tenella shows a highly organised gateway for regulated secretion.,35816515,2022,PLoS Pathogens,Research Article,Research Article,Yes,No,,SBF-SEM,xy? 100-200nm z,25,,Other: protozoan/protist,Eimeria tenella (sporozoite),"Nucleus; Mitochondria; Other: Refractile bodies, amylopectin granules, acidocalcisomes, microneme, rhoptries",Volume; Volume fraction; Count/#,,,Additional file 2_includes_borderlines.xlsx,Data Extraction_Includes,https://github.com/mmirvis/Cell-Anatomy-Scoping-Review.git,a2218f4e65818f3187f2b3c050690bd16fd21c6e
Carlson 2013,carlson-2013,included,Laboratory-based cryogenic soft x-ray tomography with correlative cryo-light and electron microscopy.,23332214,2013,Microscopy and Microanalysis,Technical Article,"""journal article""",No,No,,SXT,50nm half-pitch (90nm structures),1,A yeast cell,Yeast,Saccharomyces cerevisiae,Nucleus; Mitochondria; Vacuole/Lysosome; Other: Cell envelope (not organelle),Dimensions,,,Additional file 2_includes_borderlines.xlsx,Data Extraction_Includes,https://github.com/mmirvis/Cell-Anatomy-Scoping-Review.git,a2218f4e65818f3187f2b3c050690bd16fd21c6e
Chen 2022,chen-2022,included,Soft X-ray Tomography Reveals HSV-1-Induced Remodeling of Human B Cells.,36560654,2022,Viruses,Research Article,Article,Yes,No,The data supporting this studyâ€™s findings are available from the corresponding author upon request.,SXT,60nm,1,true whole-cell reconstruction,Human,HSV-1-infected human B cells,Nucleus; Mitochondria; Lipid Droplets,None,Other: N/A,,Additional file 2_includes_borderlines.xlsx,Data Extraction_Includes,https://github.com/mmirvis/Cell-Anatomy-Scoping-Review.git,a2218f4e65818f3187f2b3c050690bd16fd21c6e
Cho 2023,cho-2023,included,Influence of Chemical and Genetic Manipulations on Cellular Organelles Quantified by Label-Free Optical Diffraction Tomography.,37523497,2023,Analytical Chemistry,Technical Article,Article,No,No,,Other: optical diffraction tomography,"110nm xy, 365nm z",2,"(nucleus + autophagosome, Fig 5C, originally thought we'd include Fig 7 but cells appear to be cut off)",Human,HeLa,Nucleus; Autophagosome,Other: RI,,,Additional file 2_includes_borderlines.xlsx,Data Extraction_Includes,https://github.com/mmirvis/Cell-Anatomy-Scoping-Review.git,a2218f4e65818f3187f2b3c050690bd16fd21c6e
Conesa 2020,conesa-2020,included,"Four-Dimensional Characterization of the Babesia divergens Asexual Life Cycle, from the Trophozoite to the Multiparasite Stage.",33055261,2020,mSphere,Research Article,Research Article,Yes,No,,SXT,50nm isotropic,40+,"at least 40 parasites in 19 RBCs, counted from Fig 4, couldn’t find SS stated in text;",Other: Protist/protozoa,"Babesia divergens (asexual, in human RBC)","Nucleus; Mitochondria; Other: Apicoplast, dense granules",Dimensions,Cell Cycle,,Additional file 2_includes_borderlines.xlsx,Data Extraction_Includes,https://github.com/mmirvis/Cell-Anatomy-Scoping-Review.git,a2218f4e65818f3187f2b3c050690bd16fd21c6e
Cooper 2017,cooper-2017,included,A comparative molecular and 3-dimensional structural investigation into cross-continental and novel avian Trypanosoma spp. in Australia.,28499405,2017,Parasites & Vectors,Research Article,"""Research""/ Comparative study (PubMed)",Yes,No,"Availability of data and material The datasets used and/or analysed during the current study are available from the corresponding author on reasonable request, where not included in the published article or additional files.",FIB-SEM,xy? 25nm z,2,"2 full reconstructions; quants from 25 cells, only kinetoplasts segmented",Flagellate protist,Trypanosoma (new species from currawong),"Nucleus; Mitochondria; Other: reservosome (late endosome), glycosome, kinetoplast pocket, acidocalcisomes",Volume; Dimensions; Surface Area,Other: a large and a small epimastigote,,Additional file 2_includes_borderlines.xlsx,Data Extraction_Includes,https://github.com/mmirvis/Cell-Anatomy-Scoping-Review.git,a2218f4e65818f3187f2b3c050690bd16fd21c6e
Cui 2019,cui-2019,included,A whole-cell electron tomography model of vacuole biogenesis in Arabidopsis root cells.,30559414,2019,Nature Plants,Research Article,Articles,No,No,Data availability The data that support the findings of this study are available from the corresponding authors upon request.,Cryo ET,"4.3nm xy, 300nm z",1,1 whole cell w multiple organelles; 3 whole-cell vacuole only,Plant,"Arabidopsis thaliana, cortical root","Nucleus; ER; Mitochondria; Vacuole/Lysosome; Chloroplast/Plastid; Golgi; MVB; Other: multiple vacuole types: SV, tubular vacuole",Volume; Volume fraction; Other: Vol:SA ratio,,,Additional file 2_includes_borderlines.xlsx,Data Extraction_Includes,https://github.com/mmirvis/Cell-Anatomy-Scoping-Review.git,a2218f4e65818f3187f2b3c050690bd16fd21c6e
Dang 2023,dang-2023,included,Direct Visualization and Restoration of Metallic Ion-Induced Subcellular Ultrastructural Remodeling.,37156644,2023,ACS Nano,Research Article,Article,No,No,,SXT,30nm,40+,,Yeast,Candida utilis,Nucleus; Mitochondria; Vacuole/Lysosome; Lipid Droplets,Volume; Volume fraction; Count/#; Density; Shape,Stressors,,Additional file 2_includes_borderlines.xlsx,Data Extraction_Includes,https://github.com/mmirvis/Cell-Anatomy-Scoping-Review.git,a2218f4e65818f3187f2b3c050690bd16fd21c6e
Decelle 2019,decelle-2019,included,Algal Remodeling in a Ubiquitous Planktonic Photosymbiosis.,30827917,2019,Current Biology,Research Article,Article,Yes,No,,FIB-SEM,8nm isotropic,18,"8 symbiotic, 10 free-living; 2 representative cells shown",Other: Protozoan/Protist,microalga Phaeocystis,Nucleus; Chloroplast/Plastid,Volume; Count/#; Surface Area,Metabolic State,,Additional file 2_includes_borderlines.xlsx,Data Extraction_Includes,https://github.com/mmirvis/Cell-Anatomy-Scoping-Review.git,a2218f4e65818f3187f2b3c050690bd16fd21c6e
Decelle 2021,decelle-2021,included,Subcellular architecture and metabolic connection in the planktonic photosymbiosis between Collodaria (radiolarians) and their microalgae.,34499794,2021,Environmental Microbiology,Research Article,Research article,Yes,No,,FIB-SEM,8nm isotropic,7,"3 free-living, 4 symbiotic",Flagellate protist; Other: marine protist,Brandtodinium nutricula (microalga),"Nucleus; Mitochondria; Vacuole/Lysosome; Chloroplast/Plastid; Other: chromosomes, pyrenoid (sub-organelles)","Volume; Volume fraction; Dimensions; Surface Area; Other: volume correlation/scaling (pyrenoid, plastid)",Metabolic State; Other: metabolism/trophy - free-living vs symbiotic (radiolarians - collodaria Collozoum host),,Additional file 2_includes_borderlines.xlsx,Data Extraction_Includes,https://github.com/mmirvis/Cell-Anatomy-Scoping-Review.git,a2218f4e65818f3187f2b3c050690bd16fd21c6e
Deng 2018,deng-2018,included,Correlative 3D x-ray fluorescence and ptychographic tomography of frozen-hydrated green algae.,30406204,2018,Science Advances,Technical Article,Research Article; Research Methods,Yes,No,,X-ray ptychography & fluorescence,"(125nm x, 140nm z) 3D fluorescence; (45nm x, 55nm z) 3D ptychography",1,,Flagellate protist,Green algae (Chlamydomonas reinhardtii),"Chloroplast/Plastid; Other: acidocalcisome, starch granule (likely/uncertain - nucleus, vacuole)",None,Methodology; Other: Modality comparison non-quantitative,,Additional file 2_includes_borderlines.xlsx,Data Extraction_Includes,https://github.com/mmirvis/Cell-Anatomy-Scoping-Review.git,a2218f4e65818f3187f2b3c050690bd16fd21c6e
Deshmukh 2024,deshmukh-2024,included,Subcellular Feature-Based Classification of Î± and Î² Cells Using Soft X-ray Tomography.,38786091,2024,Cells,Research Article,Article,Yes,No,Reconstructed data are available from the corresponding contacts upon request. The original code is available at the GitHub repository: https://github.com/kvn42999 /Subcellular-Feature-Based-Classification-Alpha-Beta-Cells.git (accessed on 9 April 2024.,SXT,30-46.5nm,15,"8 alpha, 7 beta",Rodent,mouse pancreatic islet alpha and beta cells,Nucleus; Mitochondria; Vesicles,Volume; Volume fraction; Dimensions; Count/#; Surface Area; Density,Cell Type/Species,,Additional file 2_includes_borderlines.xlsx,Data Extraction_Includes,https://github.com/mmirvis/Cell-Anatomy-Scoping-Review.git,a2218f4e65818f3187f2b3c050690bd16fd21c6e
Diaz 2015,diaz-2015,included,Three-dimensional mass density mapping of cellular ultrastructure by ptychographic X-ray nanotomography.,26470812,2015,Journal of Structural Biology,Technical Article,not specified,Yes,No,,Other: X-ray ptychography,180nm,3+,"not stated; 3 individual cells shown in Fig 4bce, but could count ~10 total between 4a/d, although we can't tell how many are whole",Flagellate protist,Chlamydomonas reinhartdii,"Nucleus; Vacuole/Lysosome; Lipid Droplets; Other: starch platelets, pyrenoid, starch grains, nucleolus",Density; Other: electron density & mass density,,,Additional file 2_includes_borderlines.xlsx,Data Extraction_Includes,https://github.com/mmirvis/Cell-Anatomy-Scoping-Review.git,a2218f4e65818f3187f2b3c050690bd16fd21c6e
Egebjerg 2024,egebjerg-2024,included,Automated quantification of vacuole fusion and lipophagy in Saccharomyces cerevisiae from fluorescence and cryo-soft X-ray microscopy data using deep learning.,37908116,2024,Autophagy,Research Article,Research Paper/Toolbox,Yes,Yes,"The code for the classification CNN and for the segmentation pipeline is available at https://github.com/Wuestner-Lab/DYFNet and https:// github.com/Wuestner-Lab/LipoSeg, respectively. Selected examples of 3D reconstructions from X-ray tomograms and all fluorescence images of the trainings set are availability at https://zenodo.org/record/ 8070003 with this link additionally provided at the DYFNet GitHub page.",SXT,9.8nm (or 30nm),72,"28 (14 WT, 6 Ncr1, 8 Npc2) - mentioned in M&M - this seems to be for analysis. In results pg 12 - n=72 (WT 24, ncr1 30, npc2 18) - this seems to be total 3D renderings, of which the above n=28 is a subset.",Yeast,Saccharomyces cerevisiae,Vacuole/Lysosome; Lipid Droplets,Volume; Count/#; Positioning/Distance; Contacts/Associations; Shape,Cell Type/Species,,Additional file 2_includes_borderlines.xlsx,Data Extraction_Includes,https://github.com/mmirvis/Cell-Anatomy-Scoping-Review.git,a2218f4e65818f3187f2b3c050690bd16fd21c6e
Ezzedine 2023,ezzedine-2023,included,Adaptive traits of cysts of the snow alga Sanguina nivaloides unveiled by 3D subcellular imaging.,37980360,2023,Nature Communications,Research Article,Article,Yes,Yes,"Electron microscopy images can be accessed Electron Microscopy Public Image Archive with the following reference, EMPIAR-11694. Computation and metric geometry for 3D reconstructions were realized using Dragonfly with scripts provided at gitlab.com/clariaddy/ stl_statistics and gitlab.com/clariaddy/mindist for the cryo-fixed cells. Source data are provided with this paper.",FIB-SEM,8nm chem-fixed or 10nm isotropic cryo-fixed,2,"1 chemically fixed, 1 cryo-fixed",Plant; Other,Sanguina nivaloides (snow alga),Nucleus; Mitochondria; Lipid Droplets; Chloroplast/Plastid,Volume; Volume fraction; Dimensions; Surface Area; Contacts/Associations,Methodology,,Additional file 2_includes_borderlines.xlsx,Data Extraction_Includes,https://github.com/mmirvis/Cell-Anatomy-Scoping-Review.git,a2218f4e65818f3187f2b3c050690bd16fd21c6e
Feng 2016,feng-2016,included,Three-dimensional reconstruction of black tiger prawn (Penaeus monodon) spermatozoa using serial block-face scanning electron microscopy.,26877112,2016,Journal of Morphology,Research Article,Not specified,No,No,,SBF-SEM,"8.7nm xy, 50nm z",9,Randomly selected spermatozoa,Invertebrate,"Penaeus monodon, Black Tiger Prawn spermatozoa",Nucleus; Mitochondria; Other: membrane-less dense granules,Volume; Dimensions; Count/#,,,Additional file 2_includes_borderlines.xlsx,Data Extraction_Includes,https://github.com/mmirvis/Cell-Anatomy-Scoping-Review.git,a2218f4e65818f3187f2b3c050690bd16fd21c6e
Feng 2023,feng-2023,included,FIB-SEM analysis on three-dimensional structures of growing organelles in wild Chlorella pyrenoidosa cells.,36416933,2023,Protoplasma,Research Article,Original Article,No,No,,FIB-SEM,"2.44nm (xy), 8nm (z)",9+,"3+ per growth stage; 20 imaged, 15 segmented, but 3 per stage chosen for reconstruction",Other: protist/protozoa,"Chlorella pyrenoidosa, microalgae","Nucleus; ER; Mitochondria; Vacuole/Lysosome; Lipid Droplets; Chloroplast/Plastid; Other: starch grains, chloroplast pyrenoid, thylakoid, nucleolus, heterochromatin, euchromatin",Volume; Volume fraction; Dimensions; Count/#; Surface Area; Positioning/Distance; Shape,"Metabolic State; Other: photosynthetic growth, cell size (increases across cell growth stages)",,Additional file 2_includes_borderlines.xlsx,Data Extraction_Includes,https://github.com/mmirvis/Cell-Anatomy-Scoping-Review.git,a2218f4e65818f3187f2b3c050690bd16fd21c6e
Ferreira 2008,ferreira-2008,included,Active transcription and ultrastructural changes during Trypanosoma cruzi metacyclogenesis.,18345384,2008,Annals of the Brazilian Academy of Sciences,Research Article,not stated,Yes,No,,ssTEM,?,1,,Flagellate protist,Trypanosoma cruzi,"Nucleus; Flagella/cilia; Other: kinetoplast, nucleolus",None,,,Additional file 2_includes_borderlines.xlsx,Data Extraction_Includes,https://github.com/mmirvis/Cell-Anatomy-Scoping-Review.git,a2218f4e65818f3187f2b3c050690bd16fd21c6e
Fogelqvist 2017,fogelqvist-2017,included,Laboratory cryo x-ray microscopy for 3D cell imaging.,29044158,2017,Scientific Reports,Technical Article,Article,Yes,No,,SXT,100nm,2,,Human,"HEK293T, immortalized cell line; starved",Nucleus; Vacuole/Lysosome; Vesicles,Dimensions,Other: w/ and w/o interacting NK cells,,Additional file 2_includes_borderlines.xlsx,Data Extraction_Includes,https://github.com/mmirvis/Cell-Anatomy-Scoping-Review.git,a2218f4e65818f3187f2b3c050690bd16fd21c6e
Girard-Dias 2012,girard-dias-2012,included,On the ultrastructural organization of Trypanosoma cruzi using cryopreparation methods and electron tomography.,22872316,2012,Histochemistry and Cell Biology,Technical Article,Original Paper,No,No,,Cryo ET,70 or 200nm z; xy?,1,"(M&M mentions ""35 tomograms (appox. 25 from epimastigotes and 10 from amastigotes and epimastigotes)""",Flagellate protist,Trypanosoma cruzi,"Nucleus; Vacuole/Lysosome; Flagella/cilia; Other: kinetoplast, flagellar pocket",Count/#,,,Additional file 2_includes_borderlines.xlsx,Data Extraction_Includes,https://github.com/mmirvis/Cell-Anatomy-Scoping-Review.git,a2218f4e65818f3187f2b3c050690bd16fd21c6e
Gluenz 2015,gluenz-2015,included,Scanning and three-dimensional electron microscopy methods for the study of Trypanosoma brucei and Leishmania mexicana flagella.,25837406,2015,Methods in Cell Biology,Technical Article,,Yes,No,,SBF-SEM,"6-6.2nm xy, 100nm z",1,Fig 9. original data,Flagellate protist,Trypanosoma brucei,"Nucleus; Mitochondria; Vesicles; Flagella/cilia; Other: glycosome, acidocalcisome",None,,,Additional file 2_includes_borderlines.xlsx,Data Extraction_Includes,https://github.com/mmirvis/Cell-Anatomy-Scoping-Review.git,a2218f4e65818f3187f2b3c050690bd16fd21c6e
Hair 2024,hair-2024,included,Whole cell reconstructions of Leishmania mexicana through the cell cycle.,38416776,2024,PLOS Pathogens,Research Article,Research Article,Yes,Yes,The SBF-SEM dataset generated and analysed for this study have been deposited and is available in the EMPIAR repository database [54]under the EMPIAR ID:11826 -https://www.ebi.ac.uk/empiar/EMPIAR-11826/. The electron tomography dataset generated and analysed for this study has been deposited and is available in the Zenodo repository - https://zenodo . org/records/10652021.,SBF-SEM,"5nm xy, 100nm z (in vitro); 75nm (sand fly)","41 in vitro, 10 sand fly-derived",,Flagellate protist,Leishmania mexicana,"Nucleus; ER; Mitochondria; Vacuole/Lysosome; Lipid Droplets; Golgi; Flagella/cilia; Other: glycosome, acidocalcisome, kinetoplast, paraflagellar rod, PFR, flagellar pocket",Volume; Volume fraction; Dimensions; Count/#; Surface Area; Density,Cell Cycle; Other: Physiological relevance (in vitro vs sand fly-derived),,Additional file 2_includes_borderlines.xlsx,Data Extraction_Includes,https://github.com/mmirvis/Cell-Anatomy-Scoping-Review.git,a2218f4e65818f3187f2b3c050690bd16fd21c6e
Hanssen 2010,hanssen-2010,included,Ultrastructure of the asexual blood stages of Plasmodium falciparum.,20869520,2010,Methods in Cell Biology,Technical Article,Book chapter,No,No,,Cryo ET,0.93-2.33nm xy; 300nm z,1,,Other: protist,Plasmodium falciparum,"Nucleus; Mitochondria; Vacuole/Lysosome; Other: apicoplast, acidocalcisome",None,,,Additional file 2_includes_borderlines.xlsx,Data Extraction_Includes,https://github.com/mmirvis/Cell-Anatomy-Scoping-Review.git,a2218f4e65818f3187f2b3c050690bd16fd21c6e
Hanssen 2013,hanssen-2013,included,Electron tomography of Plasmodium falciparum merozoites reveals core cellular events that underpin erythrocyte invasion.,23461734,2013,Cellular Microbiology,Research Article,"not specified; ""Editor's Choice""",No,No,,SXT; Other: ET with chemical fixation,120-140nm (ET); SXT?,49?,"n=49 total counted from Table 2 (17 chem-fix (5 GF, 6 GO, 6 ROTO), SXT 32 (31 stated in text); 16 parasites in contact w RBC;",Flagellate protist,Plasmodium falciparum,"Nucleus; Mitochondria; Other: rhoptry, apical/polar rings, dense granules, micronemes, cystosomal ring, apicoplast",Volume; Volume fraction,Methodology; Other: stages of RBC invasion,,Additional file 2_includes_borderlines.xlsx,Data Extraction_Includes,https://github.com/mmirvis/Cell-Anatomy-Scoping-Review.git,a2218f4e65818f3187f2b3c050690bd16fd21c6e
Henderson 2007,henderson-2007,included,3-D ultrastructure of O. tauri: electron cryotomography of an entire eukaryotic cell.,17710148,2007,PLoS One,Research Article,"""Research article""",Yes,No,,Cryo ET,1.2nm (CCD pixel size),10 (6 best cells used for quantitation) (52 imaged total),23 dark-to-light transition; 29 light-to-dark transition,Plankton,Ostreococcus tauri (picoplankton),Nucleus; ER; Mitochondria; Chloroplast/Plastid; Peroxisome; Golgi; Other: Granules,Volume; Volume fraction; Dimensions; Surface Area,Cell Cycle; Light/Dark,,Additional file 2_includes_borderlines.xlsx,Data Extraction_Includes,https://github.com/mmirvis/Cell-Anatomy-Scoping-Review.git,a2218f4e65818f3187f2b3c050690bd16fd21c6e
Heymann 2009,heymann-2009,included,3D imaging of mammalian cells with ion-abrasion scanning electron microscopy.,19116171,2009,Journal of Structural Biology,Technical Article,not stated,Yes,No,,Other: IA-SEM,"12nm xy, 30nm z",1,,Human,human melanoma cells (MNT-1),Nucleus; ER; Mitochondria; Other: cell envelope,Volume; Volume fraction; Surface Area; Density; Shape,,,Additional file 2_includes_borderlines.xlsx,Data Extraction_Includes,https://github.com/mmirvis/Cell-Anatomy-Scoping-Review.git,a2218f4e65818f3187f2b3c050690bd16fd21c6e
Hoffman 2020,hoffman-2020,included,Correlative three-dimensional super-resolution and block-face electron microscopy of whole vitreously frozen cells.,31949053,2020,Science,Technical Article,Research Article,Yes,No,Data and materials availability: All data needed to evaluate the conclusions of this paper are present here or the supplementary materials. The total size of the raw data used here exceeds tens of terabytes. All data used in this paper is freely available upon reasonable request to those who provide a mechanism for facile data transfer,FIB-SEM,8nm isotropic,2,,NHP,COS-7 cells,Nucleus; ER; Mitochondria; Other: hetero/euchromatin,Volume; Dimensions,,,Additional file 2_includes_borderlines.xlsx,Data Extraction_Includes,https://github.com/mmirvis/Cell-Anatomy-Scoping-Review.git,a2218f4e65818f3187f2b3c050690bd16fd21c6e
Hohmann-Marriott 2009,hohmann-marriott-2009,included,Nanoscale 3D cellular imaging by axial scanning transmission electron tomography.,19718033,2009,Nature Methods,Technical Article,Brief Communication/Article,Yes,No,,Other: scanning TEM (STEM) with HAADF detection,20nm z; 1-2.8nm xy,1,,Parasitic protist,Plasmodium falciparum (infected human erythrocyte),"Nucleus; Vacuole/Lysosome; Lipid Droplets; Golgi; Other: apicoplast, rhoptry, parasitophorous vacuole, Maurer's cleft, (ER, putative)",None,,,Additional file 2_includes_borderlines.xlsx,Data Extraction_Includes,https://github.com/mmirvis/Cell-Anatomy-Scoping-Review.git,a2218f4e65818f3187f2b3c050690bd16fd21c6e
Hughes 2017,hughes-2017,included,Patterns of organelle ontogeny through a cell cycle revealed by whole-cell reconstructions using 3D electron microscopy.,28049718,2017,Journal of Cell Science,Research Article,"""Tools and techniques""",Yes,No,,SBF-SEM,"6-6.2nm (xy), 100nm (z)",79,(different n's for each quant),Flagellate protist,Trypanosoma brucei,"Nucleus; Mitochondria; Golgi; Flagella/cilia; Centrosome/Basal Body; Other: cell body membrane, glycosomes, acidocalcisomes, kinetoplast",Volume; Dimensions; Count/#; Positioning/Distance,Cell Cycle,,Additional file 2_includes_borderlines.xlsx,Data Extraction_Includes,https://github.com/mmirvis/Cell-Anatomy-Scoping-Review.git,a2218f4e65818f3187f2b3c050690bd16fd21c6e
Hummel 2012,hummel-2012,included,3D Ultrastructural Organization of Whole Chlamydomonas reinhardtii Cells Studied by Nanoscale Soft X-Ray Tomography,23300909,2012,PLoS One,Technical Article,"""Research Article""",Yes,No,,SXT,"<30nm flagella, <50nm cell body",14 cells (6 & 8),(6 wt; 8 mutant),Plant,Chlamydomonas reinhardtii (algae),"Nucleus; Mitochondria; Vacuole/Lysosome; Lipid Droplets; Chloroplast/Plastid; Flagella/cilia; Other: Pyrenoid, flagellum is only partially shown)",Volume; Volume fraction,Cell Type/Species; Other: 2 strains: WT CC125 & cw15+,,Additional file 2_includes_borderlines.xlsx,Data Extraction_Includes,https://github.com/mmirvis/Cell-Anatomy-Scoping-Review.git,a2218f4e65818f3187f2b3c050690bd16fd21c6e
Jadav 2023,jadav-2023,included,Beyond the surface: Investigation of tumorsphere morphology using volume electron microscopy.,37805154,2023,Journal of Structural Biology,Research Article,Research Article,Yes,No,"""No data was used for the research described in the article."" ??",SBF-SEM,"9nm xy, 27nm z",6+,"counting only 2-organelles (see Supp Table 1, total = 65), 1 monolayer + 5 mito/vesicles analysed (although we can't tell how many cells have which organelle combo; â€œVolumetric analyses of mitochondria for 30 intact cells in one whole tumorsphereâ€ mentioned in M&M section 2.5",Human,human lung small cell cancer (H446) 2D culture & tumorspheres,Nucleus; Mitochondria; Vesicles,Volume; Volume fraction; Count/#; Surface Area; Shape,Cell Cycle; Methodology,,Additional file 2_includes_borderlines.xlsx,Data Extraction_Includes,https://github.com/mmirvis/Cell-Anatomy-Scoping-Review.git,a2218f4e65818f3187f2b3c050690bd16fd21c6e
Jiang 2010,jiang-2010,included,"Quantitative 3D imaging of whole, unstained cells by using X-ray diffraction microscopy.",20534442,2010,PNAS,Technical Article,"""Research Article"" (online)",Yes,No,,X-ray diffraction,50-60nm,1,,Yeast,S. pombe yeast spore,"Nucleus; ER; Mitochondria; Vacuole/Lysosome; Other: Cell wall, granules, nucleolus",Volume; Volume fraction; Dimensions; Density,,,Additional file 2_includes_borderlines.xlsx,Data Extraction_Includes,https://github.com/mmirvis/Cell-Anatomy-Scoping-Review.git,a2218f4e65818f3187f2b3c050690bd16fd21c6e
Johkura 2022,johkura-2022,included,"Whole-cell observation of ZIO-stained Golgi apparatus in rat hepatocytes with serial block-face scanning electron microscope, SBF-SEM.",35535544,2022,Microscopy,Research Article,"""Journal article"" (online)",Yes,No,,SBF-SEM,"10nm xy, 70nm z",8 fully reconstructed,"4 single-nuc, 4 binuc",Rodent,Rat hepatocytes (in situ),Nucleus; Golgi; Other: Bile canaliculus,Volume; Volume fraction; Count/#; Surface Area,Cell Type/Species; Other,,Additional file 2_includes_borderlines.xlsx,Data Extraction_Includes,https://github.com/mmirvis/Cell-Anatomy-Scoping-Review.git,a2218f4e65818f3187f2b3c050690bd16fd21c6e
Kelbauskas 2017,kelbauskas-2017,included,Optical computed tomography for spatially isotropic four-dimensional imaging of live single cells.,29226240,2017,Science Advances,Technical Article,Research Article,Yes,No,"""Data and materials availability: All data needed to evaluate the conclusions in the paper are present in the paper and/or the Supplementary Materials. Additional data related to this paper may be requested from the authors.""",LCCT,311+/- 20nm xy planar; 266+/- 34nm axial (xz); 30s time res,"1 K562, 1 J744A.1",,Human; Rodent,K562 human myelogenous leukemia cells; J774A.1 mouse macrophage,Nucleus; Mitochondria,Volume; Other: volume distribution dynamics (Fig 5),,,Additional file 2_includes_borderlines.xlsx,Data Extraction_Includes,https://github.com/mmirvis/Cell-Anatomy-Scoping-Review.git,a2218f4e65818f3187f2b3c050690bd16fd21c6e
Kichuk 2024,kichuk-2024,included,Using MitER for 3D analysis of mitochondrial morphology and ER contacts.,38232737,2024,Cell Reports Methods,Research Article,Article,Yes,No,(1) Microscopy and any additional data reported in this paper will be shared by the lead contact upon request. (2) All original code has been deposited on Figshare and Github and is publicly available as of the date of publication. DOIs are listed in the key resources table. (3) Any additional information required to re-analyze the data reported in this paper is available from the lead contact upon request.,Fluorescence,131-151nm xy; 347-399 nm z,90 yeast,"yeast - 90 (30 cells per metabolic state) (12 MRC-5 cells counted from Fig 6B-D, but EXCLUDED due to lack of cell boundary)",Human; Yeast,Saccharomyces cerevisiae; MRC-5 primary human lung fibroblast cell,ER; Mitochondria,Volume; Volume fraction; Surface Area; Positioning/Distance; Contacts/Associations,Metabolic State,,Additional file 2_includes_borderlines.xlsx,Data Extraction_Includes,https://github.com/mmirvis/Cell-Anatomy-Scoping-Review.git,a2218f4e65818f3187f2b3c050690bd16fd21c6e
Koutsogiannis 2023,koutsogiannis-2023,included,Assessment of Toxoplasma gondii lytic cycle and the impact of a gene deletion using 3D label-free optical diffraction holotomography.,37600951,2023,Frontiers in Cellular and Infection Microbiology,Research Article,Methods,Yes,No,The original contributions presented in the study are included in the article/Supplementary Material. Further inquiries can be directed to the corresponding author.,Other: optical diffraction holotomography,not stated,3,"1 WT, 2 cerS1 mutant",Flagellate protist,Toxoplasma gondii,"Nucleus; Other: conoid, ""internal membrane complex""",Volume; Surface Area; Other: RI,Cell Type/Species,,Additional file 2_includes_borderlines.xlsx,Data Extraction_Includes,https://github.com/mmirvis/Cell-Anatomy-Scoping-Review.git,a2218f4e65818f3187f2b3c050690bd16fd21c6e
Larabell 2004,larabell-2004,included,"X-ray tomography generates 3-D reconstructions of the yeast, saccharomyces cerevisiae, at 60-nm resolution.",14699066,2004,MBoC,Technical Article,Essay,Yes,No,,SXT,60 nm,3,,Yeast,S. cerevisiae,"vacuole, lipid droplet, nucleus",None,,,Additional file 2_includes_borderlines.xlsx,Data Extraction_Includes,https://github.com/mmirvis/Cell-Anatomy-Scoping-Review.git,a2218f4e65818f3187f2b3c050690bd16fd21c6e
Laundon 2019,laundon-2019,included,The architecture of cell differentiation in choanoflagellates and sponge choanocytes.,30978201,2019,PLOS Biology,Research Article,Short reports,Yes,Yes,"(""All relevant data are within the paper and its Supporting Information files. All TrakEM2 project files and electron microscopy files are available from figshare (doi. org/10.6084/m9.figshare.7346750.v2)."")",ssTEM,70-150nm sections (z); xy?,5 choanocytes; 3 colonial s. rosetta cells; 3 single s. rosetta cells,,Invertebrate; Flagellate protist,"s. rosetta (choanoflagellate), oscarella carmela (sponge) choanocytes","Nucleus; ER; Mitochondria; Vacuole/Lysosome; Golgi; Vesicles; Flagella/cilia; Centrosome/Basal Body; Other: glycogen granules, nucleolus, basal foot",Volume; Volume fraction; Dimensions; Count/#; Positioning/Distance; Contacts/Associations; Shape,Cell Type/Species; Other: Differentiation,,Additional file 2_includes_borderlines.xlsx,Data Extraction_Includes,https://github.com/mmirvis/Cell-Anatomy-Scoping-Review.git,a2218f4e65818f3187f2b3c050690bd16fd21c6e
Li 2022,li-2022,included,Auto-segmentation and time-dependent systematic analysis of mesoscale cellular structure in Î²-cells during insulin secretion.,35324950,2022,PLoS One.,Technical Article,Research article,Yes,No,,SXT,60 nm,132,40 tomograms from SXT extended to 132. unsure if those original 40 are included in the 132. 3 for analysis,Rodent,rat insulinoma INS-1E pancreatic B-cell,Nucleus; Mitochondria; Vesicles; Other: insulin vesicles,Volume; Volume fraction; Count/#; Positioning/Distance; Density,Metabolic State,,Additional file 2_includes_borderlines.xlsx,Data Extraction_Includes,https://github.com/mmirvis/Cell-Anatomy-Scoping-Review.git,a2218f4e65818f3187f2b3c050690bd16fd21c6e
Liu 2018,liu-2018,included,Observing the cell in its native state: Imaging subcellular dynamics in multicellular organisms.,29674564,2018,Science,Technical Article,Research Article,Yes,No,Data and materials availability: All data needed to evaluate the conclusions in the paper are present in the paper or the supplementary materials. Documentation for construction of a lattice light-sheet microscope can be obtained by execution of a research license agreement with HHMI.,Fluorescence; Other: adaptive optical-LLSM (AO-LLSM),"97 xy, 200 z",4,1 of each cell type (see below); 3 time points for zebrafish neural progenitor,Other: Fish,"Zebrafish embryo brain (neural progenitor) and eye (lens, skin, retinal neuroepithelial) cells",Nucleus; ER; Mitochondria; Golgi,Volume; Volume fraction; Surface Area; Positioning/Distance,Cell Cycle; Cell Type/Species,,Additional file 2_includes_borderlines.xlsx,Data Extraction_Includes,https://github.com/mmirvis/Cell-Anatomy-Scoping-Review.git,a2218f4e65818f3187f2b3c050690bd16fd21c6e
Liu 2018,liu-2018,included,Quantitative imaging of Candida utilis and its organelles by soft X-ray Nano-CT.,28960304,2018,Journal of Microscopy,Technical Article,Original article,No,No,,SXT,30 nm,2,1 G1 and 1 budding,Yeast,Candida utilis,Nucleus; Mitochondria; Vacuole/Lysosome; Lipid Droplets; Other: Nucleolus,Volume; Volume fraction; Other: LAC,Cell Cycle,,Additional file 2_includes_borderlines.xlsx,Data Extraction_Includes,https://github.com/mmirvis/Cell-Anatomy-Scoping-Review.git,a2218f4e65818f3187f2b3c050690bd16fd21c6e
Loconte 2021,loconte-2021,included,Using soft X-ray tomography for rapid whole-cell quantitative imaging of SARS-CoV-2-infected cells.,34729550,2021,Cell Reports Methods,Research Article,Article,Yes,No,Data and code availability: This paper does not report original code. Any additional information required to reanalyze the data reported in this paper is available from the lead contact upon request,SXT,50nm isotropic,"17 B cells (7 native, 10 fixed); 3ea uninfected HEK293T-ACE2; Calu-3, A549-ACE2 + 3 infected (24hpi) + addlt at 6hpi (17 total infected cells means 14 @ 6hpi across 3 cell lines)",,Human,human B lymphocytes (GM12878); HEK293T-ACE2,ER; Mitochondria; Lipid Droplets; Vesicles; Other: eu/heterochromatin,Volume; Volume fraction; Dimensions; Count/#; Other,Stressors; Methodology; Other: stressors - viral infection,"Calu-3 human lung epithelia, A549-ACE2 - only shown as raw tomograms, don't fit inclusion criteria",Additional file 2_includes_borderlines.xlsx,Data Extraction_Includes,https://github.com/mmirvis/Cell-Anatomy-Scoping-Review.git,a2218f4e65818f3187f2b3c050690bd16fd21c6e
Loconte 2022,loconte-2022,included,Soft X-ray tomography to map and quantify organelle interactions at the mesoscale.,35148829,2022,Structure,Research Article,Resource,Yes,No,Data and code availability All original code and reconstructed data are available from the corresponding contacts upon request. Any additional information required to reanalyze the data reported in this paper is available from the corresponding contacts upon request,SXT,60 nm isotropic,56 cells,,Rodent,rat insulinoma INS-1E pancreatic B cells,Nucleus; Mitochondria; Vesicles; Other: insulin vesicles,"Volume; Volume fraction; Count/#; Positioning/Distance; Contacts/Associations; Density; Other: crowding (""congestion index"")",Metabolic State,,Additional file 2_includes_borderlines.xlsx,Data Extraction_Includes,https://github.com/mmirvis/Cell-Anatomy-Scoping-Review.git,a2218f4e65818f3187f2b3c050690bd16fd21c6e
Matharu 2023,matharu-2023,included,"Deep learning, 3D ultrastructural analysis reveals quantitative differences in platelet and organelle packing in COVID-19/SARSCoV2 patient-derived platelets.",37933490,2023,Platelets,Research Article,Research Article,Yes,No,,FIB-SEM,"7nm xy, 15nm z",64,"63 including mito (606 total cell+AGl, 300 Ctrl, 306 COVID)",Human,human platelets (WT & COVID),Mitochondria; Other: alpha granules,Volume; Volume fraction; Count/#; Surface Area,Stressors,,Additional file 2_includes_borderlines.xlsx,Data Extraction_Includes,https://github.com/mmirvis/Cell-Anatomy-Scoping-Review.git,a2218f4e65818f3187f2b3c050690bd16fd21c6e
McQuate 2023,mcquate-2023,included,Activity regulates a cell type-specific mitochondrial phenotype in zebrafish lateral line hair cells.,36912880,2023,eLife,Research Article,Research Article,Yes,Yes,"The SBFSEM data volumes for the sixteen different NMs used in this manuscript, including WT and mutants, are publicly available at webKnossos (http://demo.webknossos.org/), searchable by the dataset name indicated in the relevant source data. [information for 16 datasets included]",SBF-SEM,"5nm xy, 40-50nm z",146,"(12 3dpf (12 w kinocilia, 10 w stereocilia), 65 5-6dpf HC (inc cilia) (also, HC mutants: 5 opa1, 19 cdh23 cells; 45 cav1.3a) cells - only counted the ones for which multiple organelles are segmented/analyzed (cilia), according to figure legends)",Other: Fish,"Zebrafish hair cells, supporting cells",Mitochondria; Flagella/cilia,"Volume; Volume fraction; Dimensions; Count/#; Other: size scaling (org:cell, org:org)",Cell Type/Species; Other: development (young vs mature),,Additional file 2_includes_borderlines.xlsx,Data Extraction_Includes,https://github.com/mmirvis/Cell-Anatomy-Scoping-Review.git,a2218f4e65818f3187f2b3c050690bd16fd21c6e
Medeiros 2012,medeiros-2012,included,Visualizing the 3D architecture of multiple erythrocytes infected with Plasmodium at nanoscale by focused ion beam-scanning electron microscopy.,22432024,2012,PLoS One,Research Article,Research Article (online),Yes,No,,FIB-SEM,3.5-6.07 nm,10,10 quantified (Table 1); 1 or 2 whole cell images,Rodent; Other: parasitic protist,mouse RBCs infected with Plasmodium chaubadi,"Nucleus; Vacuole/Lysosome; Other: hemoglobin-containing tubules, ""membranous structures"" (enclosing hemoglobin), parasitopherous vacuole, Maurer's cleft-like structures",Volume; Volume fraction; Count/#; Surface Area,,,Additional file 2_includes_borderlines.xlsx,Data Extraction_Includes,https://github.com/mmirvis/Cell-Anatomy-Scoping-Review.git,a2218f4e65818f3187f2b3c050690bd16fd21c6e
Midorikawa 2022,midorikawa-2022,included,Three-dimensional nanoscale analysis of light-dependent organelle changes in Arabidopsis mesophyll cells,36712360,2022,PNAS Nexus,Research Article,Research report,Yes,Yes,"""All data needed to evaluate the conclusions in the paper are present in the paper and/or the Supplementary Materials.""",FESEM,10x10x100nm,6,"3L, 3D",Plant,"Arabidopsis thaliana, mesophyll cells",Nucleus; Mitochondria; Vacuole/Lysosome; Chloroplast/Plastid; Peroxisome,Volume; Volume fraction; Count/#; Surface Area; Positioning/Distance; Contacts/Associations; Shape; Other,Light/Dark,,Additional file 2_includes_borderlines.xlsx,Data Extraction_Includes,https://github.com/mmirvis/Cell-Anatomy-Scoping-Review.git,a2218f4e65818f3187f2b3c050690bd16fd21c6e
Mirasole 2023,mirasole-2023,included,Vacuolar control of stomatal opening revealed by 3D imaging of the guard cells.,37169939,2023,Scientific Reports,Research Article,Article,Yes,No,,Fluorescence,"120nm xy, 285nm z",2024-10-12 00:00:00,,Plant,Arabidopsis thaliana guard cell,Nucleus; Vacuole/Lysosome; Chloroplast/Plastid,Volume; Volume fraction; Shape,Stressors; Other: osmo/ion flux,,Additional file 2_includes_borderlines.xlsx,Data Extraction_Includes,https://github.com/mmirvis/Cell-Anatomy-Scoping-Review.git,a2218f4e65818f3187f2b3c050690bd16fd21c6e
Mocaer 2023,mocaer-2023,included,Targeted volume correlative light and electron microscopy of an environmental marine microorganism.,37455654,2023,Journal of Cell Science,Technical Article,Tools and Resources,Yes,Yes,The FIB-SEM datasets generated during this study are available at Electron Microscopy Public Image Archive (EMPIAR) under the accession number EMPIAR11399. The complete dataset and associated segmentation can be visualized and interacted with using MoBIE (https://github.com/mobie/environmentaldinoflagellate-vCLEM).,FIB-SEM,8nm isotropic,1,,Flagellate protist,Ensiculifera tyrrhenica (dinoflagellate),"Nucleus; Mitochondria; Chloroplast/Plastid; Golgi; Flagella/cilia; Other: starch aggregates, trichocyst, mucocyst",Volume; Volume fraction; Dimensions; Count/#,,,Additional file 2_includes_borderlines.xlsx,Data Extraction_Includes,https://github.com/mmirvis/Cell-Anatomy-Scoping-Review.git,a2218f4e65818f3187f2b3c050690bd16fd21c6e
Motta 2010,motta-2010,included,The bacterium endosymbiont of Crithidia deanei undergoes coordinated division with the host cell nucleus.,20865129,2010,PLoS ONE,Research Article,Research Article,Yes,No,,FIB-SEM,xy? 113.5 um z,1,"""The description of events and timings in the C. deanei cell cycle were based on counts of 1000 cells.""",Flagellate protist,trypanosomatid Crithidia deanei with bacterial endosymbiont,"Nucleus; Flagella/cilia; Other: bacterial endosymbiont, red object either kinetoplast or basal body",None,,,Additional file 2_includes_borderlines.xlsx,Data Extraction_Includes,https://github.com/mmirvis/Cell-Anatomy-Scoping-Review.git,a2218f4e65818f3187f2b3c050690bd16fd21c6e
Muller 2021,muller-2021,included,3D FIB-SEM reconstruction of microtubule-organelle interaction in whole primary mouse Î² cells.,33326005,2021,Journal of Cell Biology,Research Article,Report,Yes,Yes,Segmentation masks and crops of analyzed Î² cellshavebeen binned to near 16 nm isotropic voxel size and are available for download via https://betaseg.github.io/. The FIJI plugin BetaSeg Viewer and the plugin for importing KNOSSOS skeletons can be downloaded via the update site https://sites.imagej.net/ betaseg/.,FIB-SEM,~4 nm voxels (rescaled from near-isotropic),7,"3 low-glucose, 4 high-glucose",Rodent,Primary mouse B cells,"Nucleus; Mitochondria; Golgi; Other: Centriole, PC axoneme, insulin secretory granules, PM",Volume; Volume fraction; Dimensions; Count/#; Surface Area; Contacts/Associations,Metabolic State; Other: High glucose v low glucose,,Additional file 2_includes_borderlines.xlsx,Data Extraction_Includes,https://github.com/mmirvis/Cell-Anatomy-Scoping-Review.git,a2218f4e65818f3187f2b3c050690bd16fd21c6e
Murata 2014,murata-2014,included,Whole-cell imaging of the budding yeast Saccharomyces cerevisiae by high-voltage scanning transmission electron tomography,24935612,2014,Ultramicroscopy,Technical Article,Not specified,No,No,,hvSTEM,">=5nm(xy), 25nm(z)",1,,Yeast,Saccharomyces cerevisiae,Nucleus; Mitochondria; Vacuole/Lysosome; Other: Cell wall,None,,,Additional file 2_includes_borderlines.xlsx,Data Extraction_Includes,https://github.com/mmirvis/Cell-Anatomy-Scoping-Review.git,a2218f4e65818f3187f2b3c050690bd16fd21c6e
Murphy 2011,murphy-2011,included,Correlative 3D imaging of whole mammalian cells with light and electron microscopy.,21907806,2011,Journal of Structural Biology,Technical Article,Research article (journal online),Yes,No,,FIB-SEM,21 nm isotropic,1,,Human,T cell,Nucleus; Mitochondria,None,,,Additional file 2_includes_borderlines.xlsx,Data Extraction_Includes,https://github.com/mmirvis/Cell-Anatomy-Scoping-Review.git,a2218f4e65818f3187f2b3c050690bd16fd21c6e
Niclis 2015,niclis-2015,included,Three-dimensional imaging of human stem cells using soft X-ray tomography.,26063819,2015,J Royal Society Interface,Research Article,Research article,Yes,No,,SXT,50nm,"12 hESC, 12 hABC","(12 hESC and 12 hAEC imaged, but unclear if whole-cell. Supp material is not annotated. hAEC appear whole-cell from main figures, hESC appear partial)",Human,Human stem cells,Nucleus; Mitochondria; Vacuole/Lysosome; Vesicles; Other: Nucleoli,Volume; Surface Area; Density,Cell Type/Species,,Additional file 2_includes_borderlines.xlsx,Data Extraction_Includes,https://github.com/mmirvis/Cell-Anatomy-Scoping-Review.git,a2218f4e65818f3187f2b3c050690bd16fd21c6e
Noske 2008,noske-2008,included,Expedited approaches to whole cell electron tomography and organelle mark-up in situ in high-pressure frozen pancreatic islets.,18069000,2008,Journal of Structural Biology,Technical Article,Not specified,Yes,No,"""Original EM tilt series image stacks, together with the resulting tomographic reconstructions and 3D surface-rendered model data associated with this work have been deposited in the Cell Centered Database (CCDB; http://ncmir.ucsd.edu/CCDB/) (Martone et al., 2002). Associated QuickTimeÂ® movies and high-resolution images derived from the tomograms and 3D rendered models published here are publicly available for download directly from the CCDB or from the Journal of Structural Biology website, or can be provided from the authors on CD-ROM or DVD-ROM on request."" - However, link no longer works",Cryo ET,15-20nm,2,,Rodent,mouse pancreateic insulin-secreting beta cells,Nucleus; Mitochondria; Golgi; MVB; Other: immature granules,Volume; Volume fraction; Dimensions; Count/#; Surface Area; Positioning/Distance; Contacts/Associations,,,Additional file 2_includes_borderlines.xlsx,Data Extraction_Includes,https://github.com/mmirvis/Cell-Anatomy-Scoping-Review.git,a2218f4e65818f3187f2b3c050690bd16fd21c6e
Oi 2017,oi-2017,included,Three-dimensional intracellular structure of a whole rice mesophyll cell observed with FIB-SEM.,28444369,2017,Annals of Botany,Research Article,Original Articles/Journal Article (online),Yes,No,,FIB-SEM,"25nm xy, 50nm z",3,"1 visible 3D reconstruction, 2 addtl in supp movies (chloroplast counts)",Plant,rice Oryza sativa mesophyll,Nucleus; Chloroplast/Plastid,Volume; Volume fraction; Dimensions; Count/#; Surface Area,,,Additional file 2_includes_borderlines.xlsx,Data Extraction_Includes,https://github.com/mmirvis/Cell-Anatomy-Scoping-Review.git,a2218f4e65818f3187f2b3c050690bd16fd21c6e
Okumura 2018,okumura-2018,included,Electron tomography of whole cultured cells using novel transmission electron imaging technique.,29049927,2018,Micron,Technical Article,Tutorial,No,No,,Other,xy? 60-80nm in z,1,,"Other: Indian muntjac (deer, large mammal)",Mm2T (Indian Muntjac thymus),Mitochondria; Lipid Droplets; Other: Microvilli,None,,,Additional file 2_includes_borderlines.xlsx,Data Extraction_Includes,https://github.com/mmirvis/Cell-Anatomy-Scoping-Review.git,a2218f4e65818f3187f2b3c050690bd16fd21c6e
Ota 2016,ota-2016,included,Highly efficient lipid production in the green alga Parachlorella kessleri: draft genome and transcriptome endorsed by whole-cell 3D ultrastructure.,26811738,2016,Biotechnology for Biofuels,Research Article,Research,Yes,No,,ssTEM,unclear,3,1 per condition,Other: unicellular green algae,Parachlorella kessleri,"Nucleus; Mitochondria; Vacuole/Lysosome; Lipid Droplets; Chloroplast/Plastid; Other: pyrenoid, starch granules/starch sheath, ""electron-dense body""",Volume; Volume fraction,Metabolic State; Stressors,,Additional file 2_includes_borderlines.xlsx,Data Extraction_Includes,https://github.com/mmirvis/Cell-Anatomy-Scoping-Review.git,a2218f4e65818f3187f2b3c050690bd16fd21c6e
Paredes-Santos 2012,paredes-santos-2012,included,Dynamics and 3D organization of secretory organelles of Toxoplasma gondii.,22155668,2012,Journal of Structural Biology,Research Article,Regular Article/Research Article (journal website),No,No,,FIB-SEM; Other: stereologic analysis of random ultrathin sections (borderline),25nm (FIB-SEM),2,"2 reconstructions stated, 1 full 3D model visualized",Flagellate protist; Other,Toxoplasma gondii,"Other: secretory organelles (microneme, rhoptry, dense granules), conoid","Other: Vol, Vol%, SA (est from stereologic analysis)",Cell Cycle,,Additional file 2_includes_borderlines.xlsx,Data Extraction_Includes,https://github.com/mmirvis/Cell-Anatomy-Scoping-Review.git,a2218f4e65818f3187f2b3c050690bd16fd21c6e
Parkinson 2008,parkinson-2008,included,Quantitative 3-D imaging of eukaryotic cells using soft X-ray tomography.,18387313,2008,Journal of Structural Biology,Technical Article,Research Article,Yes,No,,SXT,20 nm,4,"1 early cc, 1 pre-division, 1 mother & 1 daughter (attached)",Yeast,Schizosaccharomyces pombe,Nucleus; Mitochondria; Vacuole/Lysosome; Other: unidentified,Volume; Volume fraction; Dimensions; Count/#,Cell Cycle,,Additional file 2_includes_borderlines.xlsx,Data Extraction_Includes,https://github.com/mmirvis/Cell-Anatomy-Scoping-Review.git,a2218f4e65818f3187f2b3c050690bd16fd21c6e
Perktold 2007,perktold-2007,included,Organelle association visualized by three-dimensional ultrastructural imaging of the yeast cell,17419771,2007,FEMS Yeast Res,Research Article,Journal Article,Yes,No,,ssTEM,"<30nm (xy), 80nm (z)",2+,at least one chemically fixed and one cryofixed,Yeast,Saccharomyces cerevisiae,Nucleus; ER; Mitochondria; Vacuole/Lysosome; Lipid Droplets,Volume; Count/#; Surface Area; Positioning/Distance; Contacts/Associations,Methodology,,Additional file 2_includes_borderlines.xlsx,Data Extraction_Includes,https://github.com/mmirvis/Cell-Anatomy-Scoping-Review.git,a2218f4e65818f3187f2b3c050690bd16fd21c6e
Pokrovskaya 2020,pokrovskaya-2020,included,"3D ultrastructural analysis of Î±â€granule, dense granule, mitochondria, and canalicular system arrangement in resting human platelets",31989087,2019,Res Pract Thromb Haemost,Research Article,Original article,Yes,No,,SBF-SEM,"SBF-SEM: 6.8nm (xy), 30nm (z);",30 cells (10/subject),,Human,Human platelets (resting),Mitochondria; Other: Canicular system,Other: Volume Fraction,,,Additional file 2_includes_borderlines.xlsx,Data Extraction_Includes,https://github.com/mmirvis/Cell-Anatomy-Scoping-Review.git,a2218f4e65818f3187f2b3c050690bd16fd21c6e
Pokrovskaya 2021,pokrovskaya-2021,included,Structural analysis of resting mouse platelets by 3D-EM reveals an unexpected variation in Î±-granule shape.,32815431,2021,Platelets,Research Article,Plenary Article,Yes,No,,SBF-SEM,"6.7nm xy, 35nm z",10,,Rodent,Resting C57BL/6 mouse platelets,"Mitochondria; Other: dense granules, alpha-granules, canalicular system",Volume; Volume fraction; Dimensions; Count/#; Other: organelle:cell volume scaling,,,Additional file 2_includes_borderlines.xlsx,Data Extraction_Includes,https://github.com/mmirvis/Cell-Anatomy-Scoping-Review.git,a2218f4e65818f3187f2b3c050690bd16fd21c6e
Pollreisz 2020,pollreisz-2020,included,Atlas of Human Retinal Pigment Epithelium Organelles Significant for Clinical Imaging.,32648890,2020,Invest Ophthalmol Vis Sci.,Research Article,Not specified,Yes,No,,SBF-SEM,5nm xy; 65-75nm z,17,,Human,"Human RPE (perifoveal, native tissue)","Nucleus; Other: melanosomes, lipofuscin granules, rod photoreceptor, cone photoreceptor, apical processes",Volume; Volume fraction; Dimensions; Count/#; Positioning/Distance,,,Additional file 2_includes_borderlines.xlsx,Data Extraction_Includes,https://github.com/mmirvis/Cell-Anatomy-Scoping-Review.git,a2218f4e65818f3187f2b3c050690bd16fd21c6e
Ramos 2011,ramos-2011,included,Three-dimensional reconstruction of Trypanosoma cruzi epimastigotes and organelle distribution along the cell division cycle.,21567937,2011,Cytometry A,Research Article,Original Article,Yes,No,,ssTEM,ssTEM: 70-80nm z,1,,Flagellate protist,Trypanosoma cruzi,"Nucleus; Mitochondria; Vesicles; Flagella/cilia; Other: glycosomes, acidocalcisomes, kinetoplast",Volume; Count/#,Cell Cycle,Fluorescence data are excluded due to lack of cell boundary,Additional file 2_includes_borderlines.xlsx,Data Extraction_Includes,https://github.com/mmirvis/Cell-Anatomy-Scoping-Review.git,a2218f4e65818f3187f2b3c050690bd16fd21c6e
Rodriguez 2015,rodriguez-2015,included,Three-dimensional coherent X-ray diffractive imaging of whole frozen-hydrated cells.,26306199,2015,IUCrJ,Technical Article,Research Paper,Yes,No,,X-ray diffraction,74-99nm,1,,Other: parasitic protist,Neospora caninum tachyzoite,"Nucleus; Mitochondria; Other: rhoptries, putative apicoplast",Volume; Volume fraction; Dimensions; Density,,,Additional file 2_includes_borderlines.xlsx,Data Extraction_Includes,https://github.com/mmirvis/Cell-Anatomy-Scoping-Review.git,a2218f4e65818f3187f2b3c050690bd16fd21c6e
Rudlaff 2020,rudlaff-2020,included,Three-dimensional ultrastructure of Plasmodium falciparum throughout cytokinesis.,32511279,2020,PLOS Pathogens,Research Article,Research Article,Yes,Yes,"Y (""All relevant data are within the manuscript and its Supporting Information files.The supplemental files are available for download from the Electron Microscopy Public Image Archive (EMPIAR) as entry EMPIAR-10392(https://w ww.ebi.ac.uk/pdbe/ emdb/empiar/entry/10392/)."")",FIB-SEM,"5nm xy, 20nm z",11,"11 fully rendered & analyzed: 4 early segmentation, 4 mid-segmentation, 1pvm rupture, 2 post-pvm rupture (+/- E54 treatment) 23 full schizonts (48-50hpi, +79 partial); 15 full schizonts in the 46-48hpi (+75 partial)",Flagellate protist,Plasmodium falciparum,"Nucleus; Vacuole/Lysosome; Centrosome/Basal Body; Other: residual body, basal complex, mature and immature rhoptries, apicoplasts, cytostomes, cytostome collars, ""small electron-dense organelles (micronemes)""",Count/#; Contacts/Associations; Other: Nuclear apical buds,Cell Cycle; Stressors; Other: stressor - E64 protease inhibitor treatment,,Additional file 2_includes_borderlines.xlsx,Data Extraction_Includes,https://github.com/mmirvis/Cell-Anatomy-Scoping-Review.git,a2218f4e65818f3187f2b3c050690bd16fd21c6e
Sakaguchi 2016,sakaguchi-2016,included,Three-dimensional analysis of morphological changes in the malaria parasite infected red blood cell by serial block-face scanning electron microscopy.,26772147,2016,Journal of Structural Biology,Research Article,Regular Article/Research Article,No,Yes,EMPIAR-10052-10055 (10053 doesn't work),SBF-SEM,"8.22nm xy, 70nm z",22,"22 iRBCs, as well as 10 non-iRBCs which don't count becase they don't have organelles",Human; Other: parasitic protist,Plasmodium falciparum-infected human red blood cells/erythrocytes,"Nucleus; Mitochondria; Vacuole/Lysosome; Vesicles; Other: Maurer's cleft, parasitophorous vacuole, TVN, digestive vacuole, hemoglobin-containing structure",Volume; Volume fraction; Surface Area; Other: volume scaling,Other: developmental/life cycle stages,,Additional file 2_includes_borderlines.xlsx,Data Extraction_Includes,https://github.com/mmirvis/Cell-Anatomy-Scoping-Review.git,a2218f4e65818f3187f2b3c050690bd16fd21c6e
Tashyreva 2023,tashyreva-2023,included,Ultrastructure and 3D reconstruction of a diplonemid protist (Diplonemea) and its novel membranous organelle.,37737610,2023,mBio,Research Article,Research Article,Yes,No,,SBF-SEM,"6nm xy, 100nm z",24+,"""dozens"", pg 12 - 7 in Fig 5, 8 in Fig 6 (although 6I looks similar to 5H; lasta 3 in 6A look like 6H & 6I), 5 in Fig 7 (although 3rd & 4th look like 6H; 5th looks like 5C); 2 in Fig 8 (8L looks like 6H & 7H#3); 2 in Fig 9 (9F looks like 7H#1, rotated, 9G could be 7H#3)",Flagellate protist,Lacrimia vacuolata (diplonemid),"Nucleus; Mitochondria; Lipid Droplets; Golgi; Flagella/cilia; Other: cytopharynx, Colv",Dimensions; Positioning/Distance,Cell Cycle,,Additional file 2_includes_borderlines.xlsx,Data Extraction_Includes,https://github.com/mmirvis/Cell-Anatomy-Scoping-Review.git,a2218f4e65818f3187f2b3c050690bd16fd21c6e
Uchida 2009,uchida-2009,included,Soft X-ray tomography of phenotypic switching and the cellular response to antifungal peptoids in Candida albicans.,19880740,2009,Proc Natl Acad Sci USA,Research Article,Research article,Yes,No,,SXT,>=50nm,"21 control, 11 peptoid 1, 10 peptoid 2",,Yeast,Candida albicans,Nucleus; Mitochondria; Vacuole/Lysosome; Lipid Droplets; Other: Nucleolus,Volume; Volume fraction; Density,"Stressors; Other: stressor - peptoid. 3 cell morphologies - triggers unclear, could be caused by multiple conditions but M&M only states ""The phenotype was switched by modifying the growth conditions, as described in ref. 1."" where ref 1 is a review article that describes a range of things.",,Additional file 2_includes_borderlines.xlsx,Data Extraction_Includes,https://github.com/mmirvis/Cell-Anatomy-Scoping-Review.git,a2218f4e65818f3187f2b3c050690bd16fd21c6e
Uchida 2011,uchida-2011,included,Quantitative analysis of yeast internal architecture using soft X-ray tomography.,21360734,2011,Yeast,Research Article,Research Article,Yes,No,,SXT,50nm,>200,,Yeast,"S cerevisiae (C albicans, Sz. Pombe, data not shown)",Nucleus; Mitochondria; Vacuole/Lysosome; Lipid Droplets; Other: Nucleolus,Volume; Volume fraction; Count/#; Surface Area; Density,"Cell Cycle; Cell Type/Species; Other: haploid/diploid, cell cycle stages, daughter/mother, WT strains (supp)",,Additional file 2_includes_borderlines.xlsx,Data Extraction_Includes,https://github.com/mmirvis/Cell-Anatomy-Scoping-Review.git,a2218f4e65818f3187f2b3c050690bd16fd21c6e
Umemura 2020,umemura-2020,included,Label-free imaging and analysis of subcellular parts of a living diatom cylindrotheca sp. using optical diffraction tomography.,32382522,2020,MethodsX,Technical Article,Method Article,Yes,No,,Other: Optical diffraction tomography,"100nm lateral, 360 axial",1,,Plankton,diatom Cylindrotheca sp.,Vacuole/Lysosome; Chloroplast/Plastid; Other: protoplasm,"Volume; Surface Area; Density; Shape; Other: concentration, RI, dry mass",,,Additional file 2_includes_borderlines.xlsx,Data Extraction_Includes,https://github.com/mmirvis/Cell-Anatomy-Scoping-Review.git,a2218f4e65818f3187f2b3c050690bd16fd21c6e
Uwizeye 2021a,uwizeye-2021a,included,Morphological bases of phytoplankton energy management and physiological responses unveiled by 3D subcellular imaging.,33594064,2021,Nature Communications,Research Article,Article,Yes,Yes,"""The authors declare that all the data supporting the findings of this study are available within the paper and in its supplementary information files. Raw FIB-SEM stacks are available at https://www.ebi.ac.uk/biostudies/studies/S-BSST575. Source data are provided with this paper""",FIB-SEM,4 or 8nm voxels (isotropic),21,3 cells per species,Plankton,"Mammiellophyceae (Micromonas RCC 827), Prymnesiophyceae (Emiliania RCC 909), Pelagophyceae (Pelagomonas RCC 100), Dinophyceae (Symbiodinium RCC 4014 clade A), Cyanidiophyceae (Galdieria SAG 21.92), Bacillariophyceae (Phaeodactylum Pt1 8.6), and Eustigmatophyceae (Nannochloropsis CCMP 526)","Nucleus; Mitochondria; Chloroplast/Plastid; Vesicles; Other: eu/heterochromatin,",Volume; Volume fraction; Surface Area; Contacts/Associations; Other: volume & SA scaling,Light/Dark; Cell Type/Species; Other: Trophic conditions,,Additional file 2_includes_borderlines.xlsx,Data Extraction_Includes,https://github.com/mmirvis/Cell-Anatomy-Scoping-Review.git,a2218f4e65818f3187f2b3c050690bd16fd21c6e
Uwizeye 2021b,uwizeye-2021b,included,Cytoklepty in the plankton: A host strategy to optimize the bioenergetic machinery of endosymbiotic algae.,34215695,2021,PNAS,Research Article,Research Article,Yes,Yes,"Raw electron microscopy data are deposited in the Electron Microscopy Public Image Archive (EMPIAR), accession code EMPIAR-10672.",FIB-SEM,5-10 nm iso,27,20 free-living + 7 symbiotic,Plankton; Other: microalgae,"algal endosymbiont Phaeocystis cordata w/ Â and w/o host Acantharia (radiolarian protozoa, marine microplankton)","Nucleus; Mitochondria; Vacuole/Lysosome; Chloroplast/Plastid; Other: plastid sub-compartments: pyrenoid, stroma, thylakoid nucleus sub-compartments: nucleolus, heteroch, euch",Volume; Volume fraction; Surface Area; Positioning/Distance; Contacts/Associations; Shape; Other: volume scaling (plastid/mito),Metabolic State; Other: free-living vs symbiotic,,Additional file 2_includes_borderlines.xlsx,Data Extraction_Includes,https://github.com/mmirvis/Cell-Anatomy-Scoping-Review.git,a2218f4e65818f3187f2b3c050690bd16fd21c6e
Valm 2017,valm-2017,included,Applying systems-level spectral imaging and analysis to reveal the organelle interactome,28538724,2017,Nature,Research Article,Research letter,Yes,Yes,Data availability. The authors declare that all data supporting the findings of this study are available within the paper and the Supplementary Information files.,Fluorescence; Other: LLS w/ spectral unmixing,"0.294-0.375um, axial, 0.649-0.947um lateral",10 cells,,NHP,COS-7 adherent cells,ER; Mitochondria; Vacuole/Lysosome; Lipid Droplets; Peroxisome; Golgi,Volume; Volume fraction; Count/#; Positioning/Distance; Contacts/Associations,Metabolic State; Stressors; Methodology,,Additional file 2_includes_borderlines.xlsx,Data Extraction_Includes,https://github.com/mmirvis/Cell-Anatomy-Scoping-Review.git,a2218f4e65818f3187f2b3c050690bd16fd21c6e
Wacker 2015,wacker-2015,included,Array tomography: characterizing FAC-sorted populations of zebrafish immune cells by their 3D ultrastructure.,25611576,2015,Journal of Microscopy,Technical Article,Themed Issue Paper,Yes,No,,Other: AT (SEM array tomography),"5nm xy, 70nm z",5,"1 thymus, 1 cytotoxic t cell, 1 adrenal medulla neutrophil, 1 ea of unknown cell types (cogwheel and longer process)",Other: fish,"Zebrafish thymus, cytotoxic t cell, adrenal medulla neutrophil & cell types (described as cogwheel and longer process)",Nucleus; ER; Mitochondria; Vacuole/Lysosome; Golgi; Other: azurophilic granules,None,Cell Type/Species,,Additional file 2_includes_borderlines.xlsx,Data Extraction_Includes,https://github.com/mmirvis/Cell-Anatomy-Scoping-Review.git,a2218f4e65818f3187f2b3c050690bd16fd21c6e
Wang 2023,wang-2023,included,Spatial topology of organelle is a new breast cancer cell classifier.,37519903,2023,iScience,Technical Article,Article,Yes,No,Data: all the data reported in this study will be shared by the lead contact upon request. Software: The codes used in this iScience manuscript have been uploaded into the GitHub public platform and can be accessed at this web address: https://github.com/ramonbossardi/GithubCode_03162023.,Fluorescence,"40nm xy, 200nm z",80,10 cells per 4 cell lines per 2 culture conditions,Human,"human breast cancer cells MDA231 (triple-negative), T47D (luminal A ER/PR-positive), AU565 (HER2-positive), MCF10A (non-cancerous mammary epithelia)","Nucleus; Mitochondria; Other: early endosomal compartment (EEC), unspecified organelle",Volume; Volume fraction; Dimensions; Count/#; Surface Area; Positioning/Distance; Contacts/Associations; Shape,Cell Type/Species; Methodology,,Additional file 2_includes_borderlines.xlsx,Data Extraction_Includes,https://github.com/mmirvis/Cell-Anatomy-Scoping-Review.git,a2218f4e65818f3187f2b3c050690bd16fd21c6e
Wayama 2013,wayama-2013,included,Three-dimensional ultrastructural study of oil and astaxanthin accumulation during encystment in the green alga Haematococcus pluvialis.,23326471,2013,PLoS ONE,Research Article,Research Article,Yes,No,,ssTEM,not stated,2,"1 coccoid cell, 1 cyst cell",Flagellate protist,Haematococcus pluvialis (unicellular biflagellate microalgae),"Nucleus; Mitochondria; Chloroplast/Plastid; Golgi; Other: pyrenoid, starch grains/capsules, astaxanthin",Volume; Volume fraction,Metabolic State; Stressors,,Additional file 2_includes_borderlines.xlsx,Data Extraction_Includes,https://github.com/mmirvis/Cell-Anatomy-Scoping-Review.git,a2218f4e65818f3187f2b3c050690bd16fd21c6e
Wei 2012,wei-2012,included,High-resolution three-dimensional reconstruction of a whole yeast cell using focused-ion beam scanning electron microscopy.,22780318,2012,Biotechniques,Technical Article,"Biotechniques ""reports""",Yes,No,,FIB-SEM,"3nm isotropic, 5nm isotropic, 3.72nm x 3.72nm x 15nm","3 cells, 1 at each res",(supp data not accessible?),Yeast,Saccharomyces cerevisiae,"Nucleus; ER; Mitochondria; Vacuole/Lysosome; Lipid Droplets; Golgi; Vesicles; Other: Nuclear envelope, hetero/euchromatin, cell wall",Volume; Volume fraction; Dimensions,,,Additional file 2_includes_borderlines.xlsx,Data Extraction_Includes,https://github.com/mmirvis/Cell-Anatomy-Scoping-Review.git,a2218f4e65818f3187f2b3c050690bd16fd21c6e
White 2020,white-2020,included,Visualizing subcellular rearrangements in intact Î² cells using soft x-ray tomography.,33298443,2020,Science Advances,Research Article,Research article,Yes,No,,SXT,60nm,40,8 x 5 conditions,Rodent,INS-1E rat insulinoma (pancreatic beta cells),Nucleus; Mitochondria; Lipid Droplets; Vesicles,Volume; Volume fraction; Dimensions; Count/#; Positioning/Distance; Density,Metabolic State,,Additional file 2_includes_borderlines.xlsx,Data Extraction_Includes,https://github.com/mmirvis/Cell-Anatomy-Scoping-Review.git,a2218f4e65818f3187f2b3c050690bd16fd21c6e
Wu 2020,wu-2020,included,Multi-scale 3D Cryo-Correlative Microscopy for Vitrified Cells.,32814034,2020,Structure,Technical Article,Resource,Yes,No,"N (""Representative tomogram containing an Hsp104-GFP-positive aggregate densities: EMD-21953. Raw CACM, cryoFIB-SEM, and cryoET data necessary to replicate our analyses can be made available upon request."")","ssTEM; FIB-SEM; Fluorescence; Other: correlative cryo-fluorescence confocal (CACM), volume cryo-FIB-SEM (cryoMAV), cryo-TEM","CACM: xy? 0.42um (z); FIBSEM: 39.19nm milling (z?), pixel size 12.56nm (xy); ssTEM ?",3,comparisons on 1 cell,Yeast,Saccharomyces cerevisiae,Nucleus; Mitochondria; Vacuole/Lysosome; Lipid Droplets; Vesicles; Other: cell wall/membrane,None,Stressors; Methodology,,Additional file 2_includes_borderlines.xlsx,Data Extraction_Includes,https://github.com/mmirvis/Cell-Anatomy-Scoping-Review.git,a2218f4e65818f3187f2b3c050690bd16fd21c6e
Xu 2024,xu-2024,included,Near-Native Imaging of Label-Free Silver Nanoparticles-Triggered 3D Subcellular Ultrastructural Reorganization in Microalgae.,38198284,2024,ACS Nano,Research Article,Article,No,No,,SXT,30nm,12,6 ctrl + 6 AgNP-treated,Plant; Flagellate protist,Chlamydomonas reinhartdii,Nucleus; ER; Vacuole/Lysosome; Lipid Droplets; Flagella/cilia; Other: starch granules,Volume; Volume fraction,Stressors,,Additional file 2_includes_borderlines.xlsx,Data Extraction_Includes,https://github.com/mmirvis/Cell-Anatomy-Scoping-Review.git,a2218f4e65818f3187f2b3c050690bd16fd21c6e
Yamaguchi 2011,yamaguchi-2011,included,Structome of Saccharomyces cerevisiae determined by freeze-substitution and serial ultrathin-sectioning electron microscopy.,21908548,2011,J Electron Microsc (Tokyo),Research Article,"""Biological: Full-length""",No,No,,Other: ssEM,50nm sections; xy?,6,"(3 G1, 3 early G1)",Yeast,S. cerevisiae,"ER; Mitochondria; Vacuole/Lysosome; Vesicles; Other: MVB, small vesicles, filasomes, virus-like particles - grouped together in ""structome"" volume ratio analysis (Fig 3), separately measured in non whole-cell tomograms (Tables 1-2 etc).",Volume; Volume fraction; Dimensions; Count/#; Positioning/Distance; Contacts/Associations,Cell Cycle,,Additional file 2_includes_borderlines.xlsx,Data Extraction_Includes,https://github.com/mmirvis/Cell-Anatomy-Scoping-Review.git,a2218f4e65818f3187f2b3c050690bd16fd21c6e
Yao 2018,yao-2018,included,Three-dimensional ultrastructural imaging reveals the nanoscale architecture of mammalian cells.,29765603,2018,IUCrJ,Technical Article,Research Paper,Yes,No,,Other: scanning transmission x-ray microscopy (STXM),"75-80nm resolution, 50nm step size",1,,Rodent,mouse peritoneal macrophage,Nucleus; Vacuole/Lysosome,Volume; Dimensions; Density; Shape,,,Additional file 2_includes_borderlines.xlsx,Data Extraction_Includes,https://github.com/mmirvis/Cell-Anatomy-Scoping-Review.git,a2218f4e65818f3187f2b3c050690bd16fd21c6e
Zechmann 2022,zechmann-2022,included,"Volumetric 3D reconstruction of plant leaf cells using SEM, ion milling, TEM, and serial sectioning.",35522384,2022,Planta,Technical Article,Original article,No,No,Dataset availability The datasets generated during and/or analyzed during the current study are available from the corresponding author on reasonable request.,ssTEM; FIB-SEM,80nm step size (z?); xy?,"2 reconstructions (1 pumpkin, 1 tobacco), 9-396 for volumetric data",,Plant,Cucurbita pepo and Nicotiana tabacum,Nucleus; Mitochondria; Vacuole/Lysosome; Chloroplast/Plastid; Peroxisome,Volume; Volume fraction; Dimensions; Count/#; Surface Area,Cell Type/Species,,Additional file 2_includes_borderlines.xlsx,Data Extraction_Includes,https://github.com/mmirvis/Cell-Anatomy-Scoping-Review.git,a2218f4e65818f3187f2b3c050690bd16fd21c6e
Zheng 2012,zheng-2012,included,Quantitative 3D imaging of yeast by hard X-ray tomography.,22505187,2012,Microscopy research and technique,Research Article,Not specified,No,No,,HXT,<50nm,3,,Yeast,Schizosaccharomyces pombe,Mitochondria; Vacuole/Lysosome; Lipid Droplets,Volume; Volume fraction; Dimensions,Cell Cycle,,Additional file 2_includes_borderlines.xlsx,Data Extraction_Includes,https://github.com/mmirvis/Cell-Anatomy-Scoping-Review.git,a2218f4e65818f3187f2b3c050690bd16fd21c6e
